NTA,1/1/20,1/8/20,1/15/20,1/22/20,1/29/20,2/5/20,2/12/20,2/19/20,2/26/20,3/4/20,3/11/20,3/18/20,3/25/20,4/1/20,4/8/20,4/15/20,4/22/20,4/29/20,5/6/20,5/13/20,5/20/20,5/27/20,6/3/20,6/10/20,6/17/20,6/24/20,7/1/20,7/8/20,7/15/20,7/22/20,7/29/20,8/5/20,8/12/20,8/19/20,8/26/20,9/2/20,9/9/20,9/16/20,9/23/20
BK09,0.031373177,0.025132351,0.028373184,0.017017675,0.015383592,0.019172999,0.030917942,0.021035087,0.01450428,0.009985669,0.064930856,0.113652323,0.203588413,0.158505877,0.177547197,0.157890641,0.153796261,0.057032275,0.034439374,0.027232035,0.051124782,0.038853493,0.033248084,0.043923999,0.046622255,0.041252431,0.050100427,0.046859113,0.051036011,0.042085328,0.038310132,0.029995079,0.036775013,0.024240183,0.034858295,0.032976762,0.042712119,0.031006684,0.029407852
BK17,0.016948992,0.013588356,0.017422566,0.017822594,0.013656211,0.013339375,0.021748397,0.019738753,0.014771091,0.014856817,0.018797704,0.02726981,0.042398935,0.024791869,0.034406246,0.033578764,0.031192424,0.020227304,0.019001189,0.021187221,0.021821818,0.024075544,0.024316305,0.026100004,0.026063869,0.025286694,0.027798472,0.028621956,0.027461176,0.027833784,0.021719495,0.01692788,0.019905991,0.022523768,0.021968296,0.020153074,0.019703284,0.018052485,0.023221535
BK19,0.013661855,0.015574867,0.019509393,0.01788134,0.015498362,0.015773611,0.019820634,0.018624201,0.015099358,0.014611313,0.020400208,0.028185875,0.041307442,0.025693281,0.035487794,0.039568513,0.035437646,0.02494105,0.015888051,0.019098268,0.02087517,0.021269356,0.024097304,0.023910766,0.02407454,0.025959853,0.024828423,0.023959781,0.02445211,0.028507592,0.021481076,0.016493565,0.021610914,0.017689723,0.019593986,0.018339303,0.01644509,0.020203485,0.019193236
BK21,0.016920806,0.013500059,0.020771723,0.01811811,0.018095584,0.01537766,0.02331163,0.020225556,0.01555972,0.015740419,0.023623012,0.035416352,0.046961828,0.027653269,0.037318247,0.040717275,0.040391678,0.025497946,0.02757296,0.031321747,0.028607049,0.032432902,0.028453976,0.024722258,0.028030785,0.02954748,0.023749241,0.021186054,0.02224164,0.026805167,0.023477995,0.01625071,0.020135489,0.02615983,0.024174079,0.023521048,0.021622742,0.024200262,0.025332452
BK23,0.024866584,0.016435683,0.02939253,0.018949474,0.014018773,0.014321105,0.022940365,0.018125541,0.016194585,0.018130242,0.021723499,0.038015263,0.063494306,0.053631258,0.064690237,0.072065235,0.063097709,0.038205906,0.028868365,0.028725645,0.033461826,0.029787282,0.034968762,0.034449064,0.032946405,0.036082914,0.044013311,0.041707185,0.034999256,0.038943906,0.037002265,0.023836044,0.026716594,0.029595951,0.026082358,0.026980302,0.021731966,0.025944432,0.029202815
BK25,0.01396093,0.015577087,0.021965447,0.018900236,0.010893474,0.010961632,0.016359519,0.015827959,0.014119159,0.009560045,0.0211171,0.028923155,0.051381172,0.037516376,0.04741778,0.045160405,0.046106396,0.029019976,0.024858916,0.03091152,0.038042838,0.045139897,0.047663029,0.041310293,0.04147661,0.042487317,0.034011697,0.032142756,0.034384122,0.031762663,0.027023181,0.021475509,0.023296416,0.026566878,0.022311925,0.019167309,0.018245895,0.022999985,0.023951214
BK26,0.014314308,0.012216293,0.014772615,0.011392645,0.012217092,0.012585939,0.016688237,0.016223598,0.01264936,0.011970565,0.016791714,0.022875311,0.041529697,0.03167543,0.041934793,0.039032348,0.037787285,0.023068847,0.022446783,0.020698097,0.026670528,0.028823058,0.032674171,0.027034831,0.029285158,0.02707306,0.026479469,0.026572772,0.02980416,0.029634823,0.022545529,0.023253902,0.022623825,0.02682396,0.025620951,0.025553649,0.023257733,0.024283743,0.02445559
BK27,0.011488332,0.009740026,0.01629455,0.013944551,0.01250664,0.013345458,0.018169763,0.017939207,0.014843524,0.012895374,0.015543697,0.027752989,0.041001209,0.026138136,0.031831026,0.03456741,0.031520196,0.01927564,0.018338407,0.019238013,0.021699632,0.021997458,0.027049868,0.01963688,0.022542569,0.021250105,0.017052118,0.015893252,0.017206503,0.015442809,0.014114539,0.015724859,0.015227679,0.021409587,0.021715195,0.016343436,0.017339955,0.018158563,0.025366524
BK28,0.012337085,0.012564184,0.015244343,0.014450239,0.012103873,0.013895085,0.018031129,0.01728613,0.01242756,0.010173943,0.01594339,0.022516081,0.03848159,0.021746588,0.02715426,0.029522942,0.027355609,0.018126,0.016206796,0.019292767,0.020168668,0.020581322,0.020749127,0.018290537,0.020423565,0.022208887,0.023458747,0.024564087,0.023117732,0.023732892,0.020389482,0.015872684,0.01720299,0.022146134,0.024675929,0.019817538,0.019168707,0.02162295,0.020915563
BK29,0.013085183,0.010432477,0.014439966,0.013788792,0.014489349,0.01392558,0.017776959,0.017339712,0.0167555,0.015994673,0.021442576,0.026157663,0.03863099,0.025866593,0.026978883,0.03212985,0.033317679,0.021464209,0.019559571,0.01954296,0.020590507,0.022176962,0.023131207,0.023074784,0.02601581,0.024399783,0.023804985,0.021198252,0.021835622,0.023929599,0.021941622,0.015111685,0.021795149,0.023032433,0.023650336,0.023475811,0.021651851,0.02345095,0.021367939
BK30,0.01815249,0.012167443,0.017782251,0.013388395,0.015324192,0.015534316,0.019170982,0.019937099,0.013292678,0.01066144,0.019921172,0.026589269,0.040214919,0.028631689,0.02877309,0.033948306,0.031891669,0.022980356,0.017600758,0.018029794,0.020441312,0.020800875,0.022609865,0.021463912,0.020637066,0.022652308,0.026920117,0.022845622,0.026369889,0.028074304,0.02505776,0.019909066,0.029107227,0.033121053,0.031345116,0.030209036,0.02271478,0.022809016,0.022150866
BK31,0.01501822,0.014524369,0.019050511,0.015785846,0.015041895,0.013734131,0.018338583,0.018923574,0.012381147,0.011537094,0.016773423,0.024740556,0.043296247,0.031953767,0.037058715,0.036879431,0.039109474,0.023719157,0.021425724,0.022716993,0.030091891,0.027356133,0.026562473,0.025921862,0.028359863,0.028514971,0.025508864,0.022269278,0.021420022,0.020699566,0.01639198,0.016764315,0.01787496,0.021406212,0.0189806,0.019618979,0.015512557,0.015987462,0.017620344
BK32,0.015719598,0.016250032,0.023413979,0.018452182,0.017714129,0.013710627,0.022332726,0.019713681,0.01604439,0.013006795,0.019388237,0.026227523,0.043176472,0.028206922,0.035718725,0.042270304,0.039733754,0.02287918,0.019791772,0.021594575,0.027428016,0.022784246,0.023615138,0.027935796,0.023896116,0.02128778,0.02468349,0.021434553,0.026698741,0.026473266,0.025521214,0.019143928,0.022071195,0.022566059,0.023399103,0.020491335,0.020045288,0.022537651,0.026048791
BK33,0.013727807,0.011548854,0.019343508,0.014814089,0.014208752,0.012848762,0.020220233,0.019611432,0.012501259,0.011134027,0.023835395,0.04579941,0.070706132,0.048414734,0.056252594,0.05768104,0.059815025,0.036655623,0.03947612,0.032101608,0.034152745,0.029842817,0.035786934,0.032475061,0.032058658,0.041034436,0.043026402,0.042179449,0.037892799,0.041600543,0.031701165,0.022112424,0.02281465,0.03640677,0.027969272,0.026490672,0.023350708,0.027120498,0.031949622
BK34,0.017361082,0.018628695,0.022204389,0.024512933,0.01557884,0.017253906,0.023414034,0.024886589,0.013694965,0.015705723,0.026367802,0.039254677,0.059722391,0.033296175,0.03399824,0.033915726,0.035183897,0.017155843,0.015998572,0.014817261,0.015747947,0.015270716,0.017637,0.021046077,0.020732788,0.019014474,0.018171941,0.021291202,0.018776218,0.020886544,0.021715427,0.022471108,0.027457278,0.028881201,0.02315813,0.016462091,0.017799973,0.021377998,0.021104709
BK35,0.017195001,0.013966637,0.023265415,0.023218418,0.01494899,0.016164276,0.022179829,0.019535374,0.014662239,0.012993913,0.018435911,0.032254258,0.052653911,0.032037331,0.040481736,0.041455989,0.037246634,0.021877657,0.019509233,0.023202871,0.024093834,0.024260197,0.020250222,0.021432389,0.02489729,0.026534323,0.025895256,0.027073366,0.028893254,0.022787228,0.019183948,0.015317316,0.018534998,0.019958047,0.022301636,0.022754794,0.023655566,0.023479643,0.028806775
BK37,0.017199096,0.013227042,0.017155406,0.019555335,0.015419014,0.01583603,0.025273067,0.018342602,0.012783687,0.012032802,0.026274764,0.044771881,0.074123027,0.063776863,0.073518986,0.078130065,0.071690177,0.033909393,0.022048641,0.024598382,0.031923484,0.032140142,0.033286864,0.038839986,0.044307639,0.050060302,0.051116738,0.052366869,0.053859708,0.044685223,0.03578017,0.030467765,0.032286909,0.036697311,0.041683382,0.029431119,0.02443994,0.027096884,0.030332528
BK38,0.025831574,0.025117246,0.031604198,0.028348882,0.018689708,0.022312281,0.027872073,0.022769036,0.017369142,0.016583249,0.038295199,0.05922004,0.094311421,0.056241031,0.069558844,0.07426367,0.071730585,0.035694619,0.025870366,0.029607153,0.033976945,0.031307919,0.026750674,0.02607821,0.027542071,0.020534299,0.032098705,0.02905525,0.030153609,0.033323184,0.027359282,0.021362276,0.020555403,0.030203426,0.032779994,0.027694413,0.02725167,0.029328009,0.023801794
BK40,0.019766272,0.0146554,0.019981322,0.017093803,0.016419692,0.009560109,0.024996936,0.017913565,0.011614066,0.015010709,0.028029139,0.034039276,0.060603824,0.038127184,0.043890912,0.048281207,0.053701796,0.032984879,0.023883862,0.024579734,0.031084063,0.026287906,0.033197104,0.032660295,0.030860893,0.035748788,0.037088267,0.029878854,0.045703557,0.040184733,0.032715634,0.035565298,0.031645647,0.034268986,0.030340758,0.027052008,0.023268058,0.020736826,0.025894252
BK41,0.012695982,0.012920555,0.016774022,0.013884942,0.008823803,0.010507743,0.014346174,0.016723196,0.011996909,0.01019271,0.016211261,0.018996105,0.037157887,0.028939659,0.038781481,0.040204277,0.032391646,0.021341417,0.024640456,0.02215076,0.025433378,0.024054188,0.02472799,0.02384128,0.026163489,0.029572469,0.024467138,0.025168474,0.024888901,0.020973446,0.020393572,0.013154106,0.020043372,0.023296036,0.01786226,0.024041498,0.019301088,0.018234615,0.023358348
BK42,0.0158363,0.015842201,0.019101266,0.017834345,0.014718965,0.012812377,0.020290806,0.019042833,0.01363155,0.012457021,0.019592258,0.027917778,0.044086362,0.031620952,0.036603106,0.036814739,0.03820613,0.022122778,0.019774384,0.020971317,0.023288839,0.02542147,0.026762743,0.023513765,0.024317056,0.023674891,0.023833283,0.023231947,0.022900285,0.025597139,0.021357501,0.021555769,0.023274652,0.025291743,0.023590474,0.020747903,0.022409797,0.019447648,0.024045504
BK43,0.017299177,0.014294692,0.017224542,0.019551284,0.012948998,0.014804299,0.017212212,0.019666689,0.013901389,0.014053595,0.018395669,0.026871401,0.043289752,0.031632437,0.04419451,0.038030239,0.039517267,0.024361084,0.025101961,0.0237602,0.027993333,0.031683147,0.03098292,0.02607961,0.02999343,0.031952667,0.032697417,0.033509825,0.031875128,0.031663948,0.027197702,0.024115466,0.028636805,0.026290438,0.02181546,0.020663234,0.021383517,0.021863441,0.023967496
BK44,0.012452984,0.01151181,0.015215966,0.014926329,0.010459361,0.0102149,0.015445635,0.013822911,0.012289804,0.010142252,0.013188541,0.023340451,0.034654078,0.032688607,0.038689108,0.04047555,0.041479991,0.025016327,0.018775871,0.023667178,0.024338328,0.031486249,0.026220847,0.026396448,0.025384177,0.02706073,0.026680167,0.024110803,0.02835567,0.025917613,0.020797308,0.018416807,0.018561945,0.025351161,0.021152633,0.021746923,0.017612699,0.019224682,0.022498347
BK45,0.012702705,0.011975909,0.015164376,0.014812235,0.012362087,0.01400465,0.02179207,0.018633607,0.013697857,0.010219109,0.01529238,0.022669503,0.037227409,0.030400025,0.036884168,0.034582859,0.033135312,0.020555428,0.020580971,0.020454253,0.025481071,0.024421041,0.024730108,0.022810376,0.023818952,0.021780343,0.020488018,0.018588126,0.020853968,0.023342435,0.022186383,0.017991904,0.020585546,0.025052888,0.021177655,0.021153468,0.020700345,0.021370518,0.022313979
BK46,0.013771838,0.018540382,0.027426224,0.02075563,0.01457134,0.013545454,0.016643069,0.019109254,0.015961166,0.011642183,0.025594807,0.032887915,0.052331549,0.037143669,0.061823109,0.05739493,0.055076517,0.032931876,0.029668772,0.031387383,0.04126701,0.057879678,0.060076579,0.053835217,0.060348514,0.046773411,0.034980303,0.034449355,0.028750221,0.03092371,0.025931259,0.020619216,0.023631392,0.023559831,0.026995292,0.013431653,0.010873656,0.01404197,0.017766924
BK50,0.015235735,0.016422832,0.020878656,0.017600419,0.014207855,0.013793487,0.022151041,0.019909998,0.013257497,0.011416744,0.017592342,0.024258236,0.033076767,0.021195767,0.027407103,0.027619815,0.028997315,0.020198704,0.018972661,0.0218313,0.021477991,0.02368376,0.022742028,0.020793821,0.02206799,0.023180002,0.021441742,0.023302523,0.022213168,0.024494083,0.019383987,0.014981002,0.017724185,0.017719395,0.020909165,0.020144071,0.021833145,0.022687125,0.025458016
BK58,0.015358656,0.015566807,0.020589859,0.016462246,0.013140173,0.014291626,0.020377404,0.020386151,0.014138844,0.01016922,0.016942832,0.021063716,0.032283705,0.02592469,0.028010945,0.032857056,0.03343633,0.024052667,0.018025022,0.02164591,0.02126619,0.02454141,0.022675611,0.022539079,0.021813725,0.021156873,0.019236865,0.015057217,0.018529693,0.017408379,0.015599815,0.015157472,0.014561419,0.016349249,0.017962348,0.017291916,0.018583871,0.019387669,0.021171968
BK60,0.019614113,0.01387744,0.021690384,0.017267679,0.014851842,0.013816018,0.021923733,0.021623799,0.015013077,0.013048359,0.020870427,0.030028663,0.046153367,0.037646151,0.041666423,0.041881637,0.043231744,0.028740336,0.023220846,0.029011121,0.026591368,0.027291107,0.023967969,0.025514489,0.031043449,0.031029828,0.023834771,0.023242217,0.026338115,0.027278421,0.023526371,0.021616235,0.025419265,0.025475397,0.027635612,0.023301675,0.026509472,0.023640495,0.028535131
BK61,0.015542336,0.013277143,0.018039787,0.017769758,0.014859428,0.013362764,0.018690316,0.018749481,0.013294104,0.013328777,0.020055314,0.029211156,0.042732278,0.033851342,0.0420872,0.04164145,0.040890736,0.025477796,0.021212867,0.022937577,0.022590145,0.024328717,0.023145168,0.023517049,0.025189353,0.026197367,0.025147505,0.025500868,0.024000366,0.02417681,0.018908784,0.016582887,0.01677922,0.017932998,0.017645126,0.017772213,0.019254307,0.018084107,0.025677778
BK63,0.015531578,0.015264277,0.024607988,0.02237815,0.015106862,0.01579153,0.01948382,0.019717035,0.009352228,0.012905301,0.017663155,0.027725593,0.042001284,0.035502994,0.047259049,0.042868936,0.039395074,0.022076865,0.022714581,0.022372424,0.023537774,0.029470188,0.034843878,0.022916708,0.030206685,0.025331358,0.029216874,0.029457054,0.028623905,0.029892548,0.023817064,0.016826842,0.017844257,0.023408831,0.02597052,0.021664849,0.020708116,0.018594903,0.021505483
BK64,0.01214193,0.008397388,0.015639092,0.013646736,0.014097284,0.020331552,0.019937794,0.01804804,0.011437216,0.01226858,0.018399956,0.038014837,0.07064277,0.054118715,0.058919971,0.061607274,0.064417088,0.035019487,0.034838935,0.025019786,0.030516603,0.030401672,0.030289381,0.038927818,0.048250957,0.050820168,0.048695697,0.048388404,0.041921081,0.042536949,0.037035115,0.03917692,0.045526963,0.038952326,0.033966584,0.041737689,0.033653975,0.029966011,0.028934615
BK68,0.021796584,0.018025136,0.024289231,0.01850074,0.0126913,0.01282602,0.02574441,0.01972512,0.016259618,0.016013334,0.03302649,0.047469223,0.073255982,0.045905378,0.052121053,0.056687037,0.053783937,0.029926214,0.029177122,0.030187379,0.032995264,0.030346815,0.031166019,0.02636594,0.028971881,0.032331537,0.036064926,0.033803708,0.035329842,0.035498333,0.026451113,0.02240008,0.030732678,0.030409468,0.030224678,0.026503824,0.025893122,0.023355893,0.022930534
BK69,0.030059862,0.030170292,0.027834015,0.023337381,0.00960038,0.011960495,0.017802938,0.020457929,0.014044725,0.012827647,0.040430109,0.065299486,0.113642529,0.089847408,0.110972178,0.100271667,0.103870408,0.039061263,0.024468621,0.030081531,0.030670971,0.027790377,0.028635215,0.034581414,0.029326551,0.03353011,0.025487323,0.023612096,0.031554041,0.029960072,0.025775579,0.020420877,0.021674477,0.025843734,0.018935368,0.02489862,0.021821773,0.024468338,0.026903834
BK72,0.011413831,0.008639506,0.02388894,0.014565769,0.012368606,0.020314315,0.018441831,0.015579668,0.016587578,0.014178312,0.01708102,0.020155976,0.035015671,0.036248632,0.044928348,0.038063951,0.037509904,0.022697485,0.019616882,0.027916282,0.02910246,0.029523226,0.032734688,0.038509818,0.030458436,0.029566699,0.03417339,0.021962867,0.024684992,0.031469331,0.030897369,0.02691072,0.038213374,0.031748381,0.021536977,0.025809529,0.024795768,0.017991509,0.022042471
BK73,0.014532989,0.013189377,0.016786651,0.018190114,0.013248209,0.015101192,0.018647866,0.017795098,0.011115197,0.014761817,0.033291294,0.052790693,0.089931788,0.053644716,0.067541099,0.06608602,0.067652651,0.031826603,0.023816069,0.02369786,0.030160367,0.026952705,0.025349202,0.027453781,0.025324552,0.024688069,0.028767019,0.027667469,0.024630359,0.023940762,0.021337774,0.017284452,0.023137077,0.027260023,0.024306142,0.029269226,0.02642485,0.026777266,0.035439631
BK75,0.015995154,0.015355951,0.018865664,0.017763806,0.013379682,0.01286893,0.018347735,0.019561907,0.013839722,0.013212032,0.020051319,0.032791347,0.049203211,0.035722492,0.043654893,0.041129147,0.044218804,0.028285596,0.027332911,0.028060767,0.030698446,0.030966551,0.031482486,0.025781195,0.022286099,0.026511969,0.026345425,0.029134756,0.02545631,0.023996877,0.02254268,0.020085681,0.01914365,0.021365486,0.02243086,0.02355389,0.019989754,0.02134842,0.025096988
BK76,0.019688553,0.016327462,0.023036622,0.019181825,0.015267524,0.013698454,0.017314048,0.017335193,0.013083701,0.011274698,0.020717086,0.046000984,0.067935678,0.052789577,0.06492406,0.063221947,0.065866175,0.038248913,0.023294362,0.021289002,0.0264099,0.020068689,0.02279721,0.019916838,0.022216057,0.025431786,0.031484237,0.024687858,0.027689799,0.019653236,0.022038897,0.016801146,0.018919608,0.017797585,0.019430526,0.015994309,0.012804832,0.013383958,0.020568063
BK77,0.01678313,0.014041409,0.020473214,0.020146736,0.01378866,0.01311766,0.019047685,0.018231761,0.012968514,0.012146532,0.019872733,0.035787815,0.055928335,0.037119638,0.048254843,0.047670596,0.044971946,0.022563742,0.017192137,0.01992612,0.023301493,0.022811832,0.024111642,0.025477325,0.0229603,0.023487743,0.02822023,0.022243668,0.025112456,0.027059441,0.016939368,0.019986965,0.024482664,0.026781376,0.022161984,0.016085622,0.013847649,0.020144648,0.019817045
BK78,0.017866305,0.014978757,0.021463021,0.021410235,0.015394455,0.015044764,0.022843676,0.022212636,0.017267203,0.015035874,0.025868196,0.032587022,0.051929535,0.037599994,0.043940834,0.045516447,0.050171757,0.028335338,0.028237999,0.027601223,0.034415698,0.028262191,0.030811526,0.029150378,0.028535325,0.030295507,0.026997848,0.027365646,0.029249697,0.030481857,0.025723785,0.025281241,0.028604103,0.029568653,0.027360543,0.028451821,0.027753709,0.030009911,0.028149993
BK79,0.020176364,0.023444832,0.026702374,0.025584235,0.017333083,0.015106096,0.025366501,0.02336447,0.015470075,0.013491351,0.020704576,0.025094358,0.031977158,0.027850123,0.033907013,0.038499623,0.035973042,0.023042811,0.019068264,0.021926397,0.026956543,0.024939395,0.025874386,0.027572179,0.030861553,0.03077109,0.023904896,0.026290042,0.02181212,0.026362438,0.018411164,0.019616244,0.025388243,0.028596974,0.023159343,0.027221295,0.025011815,0.024840281,0.022449349
BK81,0.017833051,0.015094312,0.022027973,0.019328672,0.017088165,0.017989274,0.0254128,0.023063733,0.012851439,0.013386529,0.018709293,0.027391566,0.038841572,0.026805838,0.033574328,0.038532928,0.043781883,0.028543785,0.025357157,0.028447246,0.027443983,0.028317871,0.029229441,0.025136604,0.028982594,0.028870501,0.022489873,0.025541036,0.024226363,0.024541094,0.022427027,0.020009211,0.02291108,0.026116215,0.027305131,0.020738433,0.022516048,0.023858363,0.023898835
BK82,0.016527013,0.013321747,0.020956108,0.01966256,0.014691654,0.016197301,0.020351137,0.020970658,0.013639906,0.013793113,0.018821216,0.023460486,0.035980827,0.021256264,0.030206658,0.031418138,0.032012532,0.021120321,0.020975416,0.023432112,0.022381347,0.024283224,0.023905767,0.027558628,0.02478376,0.023357398,0.023541909,0.025669515,0.023070987,0.023417134,0.020975311,0.017580277,0.019982728,0.021601176,0.021415388,0.019409726,0.019965601,0.021284632,0.026779666
BK83,0.014162341,0.014612187,0.019671806,0.016674531,0.013579517,0.015926401,0.020167227,0.023275104,0.01501344,0.011912352,0.019215997,0.02391449,0.036080643,0.02242814,0.030200127,0.031050386,0.033771402,0.0212007,0.018333027,0.021293877,0.022040852,0.022019167,0.021614383,0.021566565,0.024086422,0.020789913,0.024444594,0.026097247,0.026054755,0.025630684,0.023191334,0.021872012,0.026525029,0.026571013,0.023601296,0.024639931,0.023933417,0.022688716,0.02827008
BK85,0.018284319,0.013675548,0.021085684,0.018568018,0.016198995,0.012836312,0.01907681,0.021286594,0.014065027,0.012089212,0.016788778,0.026990327,0.039049782,0.026985088,0.030670177,0.038042491,0.035916263,0.02382311,0.020774309,0.019531566,0.02007483,0.021512285,0.024352863,0.023113273,0.023982735,0.024712175,0.021521035,0.023068446,0.021276116,0.023254845,0.013718768,0.015448201,0.018856476,0.021579971,0.020879246,0.018986449,0.016528747,0.01898797,0.023291345
BK88,0.016942998,0.015566363,0.020791608,0.019207749,0.013973088,0.013872038,0.017997863,0.019655237,0.01393064,0.010628321,0.016874325,0.027806881,0.041903073,0.035500719,0.0476969,0.04621045,0.043788368,0.028404861,0.021131063,0.024698373,0.025737726,0.02759474,0.024876359,0.02299339,0.027537005,0.02805497,0.022821292,0.025046364,0.022432337,0.023232875,0.022214921,0.019516481,0.022917004,0.019849073,0.020281029,0.016124309,0.016423905,0.018486713,0.018974199
BK90,0.017100931,0.015879518,0.022319154,0.023500757,0.013587219,0.015508654,0.021069532,0.018843497,0.0143598,0.016343692,0.024985245,0.040584358,0.06286517,0.047378055,0.053669924,0.057175052,0.059218751,0.036139101,0.028783389,0.028779917,0.029176277,0.026589142,0.027203554,0.025634206,0.029335505,0.02513903,0.03554187,0.035406849,0.03003719,0.026599764,0.022878158,0.022895824,0.020725223,0.031584542,0.027311648,0.021986616,0.02339749,0.02477684,0.025003125
BK91,0.017226883,0.015017671,0.018044276,0.015922403,0.014762705,0.012744214,0.018557278,0.021716381,0.015332336,0.014897838,0.020156164,0.027369005,0.034639924,0.028816409,0.027392493,0.033531788,0.032113323,0.02164651,0.024592394,0.02190102,0.024373118,0.02469837,0.021129713,0.021865745,0.022122457,0.020840041,0.018877102,0.024330087,0.026577002,0.025477264,0.024582761,0.02450534,0.027390172,0.029174299,0.02354482,0.023845074,0.025316463,0.02475873,0.025520367
BK93,0.020280679,0.01820325,0.021293072,0.021827241,0.017831587,0.011606488,0.018289885,0.019136269,0.011528778,0.008756808,0.018501777,0.028017034,0.034230845,0.030023069,0.037748421,0.037358039,0.050154552,0.023187084,0.027201489,0.025929423,0.027428299,0.020579917,0.024646253,0.027211115,0.029929185,0.027913391,0.020528857,0.018123895,0.028184431,0.021465759,0.014210248,0.021080306,0.032142932,0.028104401,0.029171691,0.02006434,0.015899473,0.021002009,0.019589652
BK95,0.01536813,0.012409827,0.021337692,0.022129306,0.014905334,0.014246599,0.019249683,0.019194141,0.009687598,0.009098011,0.014025879,0.021451396,0.032537343,0.025120555,0.027815718,0.031114127,0.02775495,0.019755935,0.015260809,0.016948529,0.020054059,0.014423094,0.019517268,0.019306435,0.01942837,0.024179512,0.018664863,0.023063505,0.023149765,0.022522754,0.013868682,0.011771563,0.013442556,0.015883082,0.015422823,0.013289096,0.013205812,0.012388397,0.021360224
BK96,0.019148939,0.01532859,0.020479214,0.017126473,0.012990172,0.014788777,0.017289831,0.015487957,0.011805512,0.012749674,0.020291649,0.026284825,0.040018966,0.023638802,0.03073527,0.03105429,0.033586436,0.023601104,0.023558129,0.021446194,0.023821742,0.023858325,0.022599709,0.0205493,0.025759563,0.02409517,0.021757333,0.021556053,0.026343155,0.029614978,0.023286482,0.021216088,0.02244875,0.025142112,0.023397506,0.021862723,0.022903387,0.02237559,0.023396092
BX01,0.015163802,0.014465233,0.016689939,0.018223242,0.015222399,0.016798851,0.021627782,0.024616673,0.015447286,0.013263756,0.016274663,0.024650854,0.037427494,0.024345565,0.03210943,0.030547024,0.031734128,0.024191855,0.022860998,0.022258872,0.020308475,0.017265159,0.01709619,0.018951122,0.018705614,0.0226246,0.016958138,0.020345983,0.02171192,0.017952403,0.018106246,0.013206047,0.01265241,0.019236018,0.017183692,0.015502301,0.018427726,0.018237558,0.020704021
BX03,0.01179504,0.012144261,0.020647585,0.017537138,0.016283545,0.015477,0.020485585,0.016126134,0.012883172,0.013022026,0.01582525,0.021675975,0.034589889,0.023016205,0.032381517,0.028516758,0.031988391,0.019669512,0.022512223,0.019860354,0.019221012,0.019236212,0.019227737,0.02076846,0.029095965,0.021775538,0.016805295,0.022132826,0.02284679,0.01904629,0.015919737,0.013907205,0.017280316,0.021148167,0.019767221,0.017170088,0.016374482,0.013373344,0.021896446
BX05,0.014601324,0.013927622,0.019634568,0.017358055,0.013427777,0.015185106,0.020069231,0.018862561,0.011870916,0.011480419,0.017758698,0.026254256,0.039526685,0.028658727,0.030493497,0.032162605,0.032593528,0.020843151,0.019704164,0.018957946,0.017151204,0.017538116,0.017804199,0.014048687,0.017794835,0.017864243,0.018922135,0.018190463,0.020006269,0.015226922,0.018494238,0.015556919,0.020853143,0.018430258,0.016938903,0.017877986,0.017974295,0.015917699,0.025802619
BX06,0.025854376,0.021763943,0.019286898,0.018417592,0.012590592,0.01217306,0.016848485,0.016373532,0.009777437,0.016290591,0.062396899,0.07414185,0.118908524,0.053047056,0.063559926,0.073152954,0.075719307,0.029959377,0.017489423,0.024905906,0.022871796,0.020242843,0.022577146,0.024294913,0.024023472,0.02442712,0.017418711,0.021338131,0.021825801,0.021482811,0.020886367,0.015786895,0.016364106,0.020908051,0.019327036,0.016172215,0.012792988,0.017094905,0.022090021
BX07,0.013467223,0.012821349,0.016790307,0.015621093,0.013847014,0.016502936,0.024258714,0.020738261,0.014229104,0.014947778,0.021742474,0.027324834,0.041445038,0.029026851,0.035655803,0.034504322,0.033398466,0.021413502,0.02577756,0.026073773,0.025235235,0.023179059,0.021238512,0.018606184,0.01945996,0.021245348,0.018494997,0.021670878,0.020934586,0.025313111,0.021215251,0.019362551,0.020546557,0.019532328,0.019758622,0.020543569,0.020572254,0.021962654,0.02064267
BX08,0.014432093,0.013342919,0.015078754,0.010905179,0.011688996,0.012065318,0.01810356,0.017116956,0.009712873,0.010274502,0.016756627,0.021371615,0.032557146,0.021945866,0.03156912,0.031242928,0.02975143,0.023964772,0.020860557,0.024152521,0.025772439,0.025271198,0.030838543,0.025653919,0.026219899,0.027379297,0.023626019,0.023577857,0.022860205,0.026549963,0.023619896,0.019981182,0.025345833,0.021012902,0.023237304,0.02212757,0.023079735,0.021343719,0.025030797
BX09,0.013920799,0.011955017,0.021619274,0.019695309,0.011769279,0.014550159,0.018260858,0.017169558,0.012401321,0.012743878,0.017494577,0.024980738,0.036437642,0.02399578,0.03580452,0.033354658,0.032718524,0.026064319,0.019182631,0.024649241,0.025319758,0.025342023,0.024928546,0.020119894,0.026340029,0.027046497,0.021721636,0.025163451,0.024294248,0.024478929,0.02446041,0.021346442,0.021951408,0.025058689,0.026876984,0.018530331,0.022797347,0.024097488,0.025352247
BX10,0.022049989,0.020398002,0.025353246,0.020618312,0.013870053,0.011334339,0.015722151,0.017453225,0.012688235,0.011155981,0.016488733,0.018619226,0.029544223,0.018669199,0.023071359,0.028603044,0.025632392,0.017316684,0.017224337,0.016682878,0.016304188,0.018994487,0.015644161,0.015401257,0.018783029,0.019817974,0.020633388,0.018013649,0.025740367,0.023097134,0.020654815,0.024932535,0.019965469,0.021778588,0.019515462,0.020002481,0.022163058,0.019110421,0.023475887
BX13,0.016647005,0.011087479,0.018384528,0.01673029,0.012380046,0.012323839,0.01686374,0.016439137,0.01144191,0.013669362,0.017220656,0.023888331,0.036077985,0.026230244,0.027575535,0.034933841,0.027242941,0.022700511,0.026368092,0.024436064,0.031539607,0.033354403,0.028942539,0.025706117,0.025206822,0.027010378,0.025577629,0.028807468,0.032086123,0.029395011,0.022940071,0.016750112,0.018402038,0.028085622,0.025589356,0.028150406,0.024544827,0.026816215,0.023839341
BX14,0.016844246,0.018627163,0.020639098,0.018779567,0.013505195,0.014221491,0.017496301,0.01882829,0.014885484,0.014234985,0.017970187,0.025571189,0.036447124,0.02934809,0.030930189,0.033897515,0.034358253,0.022360519,0.023297878,0.023999033,0.028651734,0.02599024,0.027872285,0.020377649,0.024626872,0.022309981,0.02299748,0.019399166,0.019594563,0.02227555,0.019026384,0.018168487,0.020737133,0.023082108,0.019497459,0.020593776,0.021219079,0.021211829,0.020551494
BX17,0.021310008,0.01721745,0.023232482,0.026567788,0.016511987,0.017970723,0.025870237,0.027911376,0.018170388,0.012199645,0.018713077,0.029233731,0.042494084,0.034061172,0.040163539,0.041416142,0.038977368,0.029132742,0.027834102,0.027120373,0.026730126,0.025910318,0.026549764,0.027693017,0.032371676,0.027904492,0.022750243,0.024540784,0.026142891,0.025444381,0.023751243,0.022160977,0.024154786,0.025479611,0.024301446,0.022253714,0.02624141,0.02463638,0.026458271
BX22,0.026420888,0.024429434,0.03021693,0.020002305,0.015635397,0.013303043,0.015403904,0.018951495,0.013142795,0.011480433,0.074063956,0.084866864,0.135802084,0.069101369,0.075143508,0.07194958,0.076180482,0.029033551,0.020509742,0.020093468,0.022373147,0.02457836,0.034265401,0.031459877,0.035560318,0.035976133,0.0233572,0.025859974,0.024582809,0.027902567,0.026881962,0.028829513,0.022404622,0.028557752,0.031986334,0.025944048,0.018865526,0.01898222,0.022570902
BX26,0.016698392,0.014120448,0.021669305,0.015805787,0.012392734,0.013848349,0.022448069,0.021269107,0.013333552,0.012166731,0.017660449,0.030089998,0.040224127,0.025142886,0.035333558,0.031460788,0.03046994,0.019757013,0.020903263,0.025131895,0.029137605,0.028794255,0.024117083,0.023263096,0.024102555,0.025037242,0.025623582,0.025098044,0.03029151,0.026986905,0.020525318,0.019011679,0.023516272,0.024113285,0.022551495,0.027998846,0.02536671,0.027165348,0.024343253
BX27,0.015335558,0.013644005,0.02223245,0.021721195,0.012393916,0.011908198,0.018026562,0.021500088,0.011683949,0.011026434,0.017345428,0.024116232,0.035168141,0.028086448,0.037823072,0.039134511,0.030271605,0.022805942,0.020691674,0.021427145,0.026812645,0.022841848,0.028755841,0.022916637,0.028668724,0.023298706,0.026749263,0.0204479,0.023276685,0.025186795,0.022188112,0.017423185,0.018159963,0.016780761,0.021322247,0.023626155,0.028788941,0.02514242,0.03085735
BX28,0.013475505,0.017190197,0.016663902,0.016133221,0.013985107,0.013227837,0.020009413,0.019236102,0.013737044,0.017313749,0.021387936,0.024161362,0.040877473,0.023672023,0.032216112,0.038654873,0.034406427,0.02378688,0.022358736,0.02175452,0.023993351,0.024448191,0.022447907,0.025248571,0.019780342,0.020060792,0.019600041,0.018031019,0.020470702,0.026653415,0.017960131,0.021598222,0.023588358,0.024760324,0.022993589,0.025390874,0.021235222,0.02298458,0.025028934
BX29,0.013692276,0.017282356,0.023877563,0.018001946,0.013220495,0.015397245,0.020147069,0.020861978,0.012967932,0.013759869,0.027549143,0.034719232,0.053574396,0.034044499,0.041223943,0.045757486,0.050835087,0.025024587,0.024781977,0.03016026,0.02646238,0.031893658,0.031804368,0.032384264,0.036912458,0.030541083,0.031115432,0.030806531,0.028048564,0.025137481,0.022552407,0.013651777,0.014252627,0.023417854,0.026841041,0.02730358,0.025376015,0.027546153,0.030563228
BX30,0.014942389,0.015501183,0.019635535,0.01959926,0.014131782,0.013259382,0.021622367,0.019765707,0.012941692,0.010520832,0.015550921,0.018366082,0.030914877,0.021197784,0.031650201,0.031366632,0.031656792,0.025623635,0.026010186,0.022088794,0.022741771,0.024161341,0.020767709,0.021699584,0.021846998,0.019718302,0.021009003,0.019842063,0.021403989,0.02183581,0.018969751,0.015834561,0.019522644,0.025020863,0.018026824,0.023864317,0.020553918,0.022146679,0.019265773
BX31,0.016961622,0.019971213,0.017461281,0.018798751,0.014745507,0.017471708,0.021762701,0.017125149,0.013717802,0.012367286,0.019301614,0.020772542,0.031973115,0.018383659,0.026408319,0.026575723,0.024733949,0.022255105,0.019788875,0.023293956,0.021530164,0.019696321,0.020810112,0.016139144,0.016660413,0.021949121,0.019983784,0.020405553,0.024742527,0.021945834,0.017612575,0.015306564,0.017305845,0.021250394,0.021731606,0.018175796,0.015928126,0.015197863,0.022163688
BX33,0.016058439,0.012296891,0.016496924,0.014689724,0.01105237,0.010313258,0.014615001,0.014788932,0.011758868,0.012663722,0.017332614,0.025983006,0.044809134,0.026809776,0.03637364,0.042417388,0.032652533,0.025664234,0.019113489,0.020525487,0.020803583,0.021965177,0.023498355,0.016777228,0.022223274,0.021891039,0.019885082,0.024843725,0.026383595,0.018059205,0.018708922,0.018629128,0.014951616,0.016694682,0.017555582,0.014886501,0.012859566,0.01400781,0.02189369
BX34,0.013604196,0.012514536,0.018071118,0.01585899,0.016598804,0.016829247,0.022084175,0.022302796,0.014552486,0.012580274,0.019438594,0.027574691,0.037623303,0.026381627,0.03418288,0.038273407,0.037393133,0.026632109,0.023629699,0.024675266,0.027467892,0.019803384,0.019512307,0.021421963,0.023846384,0.02698804,0.023556928,0.020710828,0.026004832,0.023561436,0.019358483,0.015209511,0.019100712,0.020558135,0.021219957,0.01704973,0.018016752,0.017557231,0.027283259
BX35,0.0163227,0.013720806,0.021054869,0.019631043,0.013272021,0.018446157,0.021223067,0.023511721,0.015064698,0.012092746,0.019277137,0.024806634,0.031067447,0.024855132,0.033705506,0.035326784,0.032046879,0.022763885,0.021210616,0.023680433,0.024705999,0.025515651,0.023588443,0.021615875,0.024194101,0.023053017,0.024909123,0.02467104,0.024150699,0.023374523,0.023197815,0.021615303,0.023515622,0.025026785,0.029021999,0.021318395,0.01875847,0.022604029,0.019343793
BX36,0.016831097,0.01583228,0.020333633,0.019410208,0.015018218,0.017102547,0.022948258,0.02272374,0.015768739,0.013033334,0.018016756,0.024258765,0.035334014,0.022931231,0.027901123,0.030296588,0.032507787,0.021052666,0.022630787,0.024808638,0.025545259,0.028435461,0.02662082,0.024124451,0.024683879,0.027280088,0.024173883,0.026372119,0.027515417,0.023915632,0.023362221,0.020711071,0.023545872,0.024910709,0.021260574,0.021504891,0.01907802,0.01904921,0.021509249
BX37,0.012616624,0.017138202,0.017823315,0.018195971,0.012592459,0.012140015,0.014031293,0.017294667,0.011751257,0.01154642,0.015991063,0.020300618,0.034899933,0.024159179,0.030175416,0.031781663,0.034339345,0.019925953,0.016750921,0.022015534,0.021484983,0.021331448,0.020821173,0.017471539,0.022105754,0.023590768,0.017201847,0.021313818,0.021325926,0.019988148,0.016145475,0.012214715,0.014135686,0.017105399,0.01635268,0.013770921,0.019085822,0.018989718,0.022254583
BX39,0.016722602,0.016075392,0.020257828,0.01953674,0.017125132,0.014155541,0.018392986,0.016863276,0.014574217,0.012421572,0.01951,0.025324828,0.040218448,0.03057828,0.039129668,0.037925381,0.034516243,0.020328087,0.020095782,0.024504235,0.024671145,0.024666501,0.023711174,0.021147573,0.022732456,0.024440706,0.021742528,0.0270055,0.023035318,0.02287664,0.018566356,0.017666235,0.0227054,0.021003089,0.022328434,0.020969161,0.022764022,0.021980189,0.027557526
BX40,0.016156094,0.013328877,0.015396481,0.018984996,0.010580885,0.014606898,0.020487902,0.017532784,0.014987085,0.011063993,0.015346056,0.028142146,0.039876178,0.023956756,0.027310468,0.025392511,0.024204389,0.016810963,0.021934072,0.021748626,0.023664803,0.022361357,0.027069408,0.019762054,0.023610795,0.029861529,0.024092058,0.02193143,0.02101666,0.01901027,0.020479766,0.022406125,0.025260471,0.028594913,0.024081745,0.025611207,0.023141319,0.021245737,0.021760889
BX41,0.01423726,0.014083033,0.020001014,0.01821203,0.013357783,0.01617339,0.0196675,0.019905943,0.012426341,0.008619166,0.016427342,0.021927545,0.032827138,0.021162199,0.028697978,0.026620234,0.028840992,0.017309606,0.022384145,0.019496046,0.02413674,0.024686772,0.022944143,0.021885309,0.024691546,0.027050132,0.022431315,0.025491414,0.024328674,0.027355745,0.018073087,0.021733239,0.022164248,0.025686034,0.01990998,0.018362673,0.021366695,0.017125062,0.023208898
BX43,0.016146856,0.018153871,0.021956506,0.021370673,0.015256469,0.01588091,0.02260452,0.021229808,0.01828823,0.014695669,0.017868035,0.027748401,0.036621024,0.028915143,0.036651901,0.040596195,0.037253761,0.025595559,0.026962586,0.024061219,0.021370457,0.024805912,0.026225262,0.02222868,0.02359135,0.024900391,0.026555812,0.023364695,0.024663854,0.029284576,0.023026899,0.022742328,0.028132024,0.024873474,0.028055954,0.021052239,0.023203092,0.025442962,0.02157059
BX44,0.016012161,0.01665466,0.019845336,0.019304885,0.014840654,0.013564144,0.01997737,0.01998309,0.014578775,0.013529414,0.01783545,0.027023448,0.040004955,0.027075234,0.030679984,0.029157175,0.027932157,0.020096914,0.02122468,0.018068611,0.019133954,0.021170122,0.020104376,0.024801793,0.025228514,0.02191857,0.022980113,0.024571366,0.023456168,0.023089874,0.021787536,0.020260062,0.02059691,0.023646407,0.023047083,0.021785142,0.021660335,0.020376749,0.024184159
BX46,0.018519561,0.015162385,0.020418877,0.017432932,0.014532375,0.015889637,0.024430489,0.02815624,0.020435069,0.017661708,0.024206337,0.034851792,0.044881552,0.03372326,0.035766963,0.041365921,0.03689736,0.026256581,0.028519574,0.030382697,0.029981425,0.029737223,0.035485228,0.023332518,0.03046196,0.028442414,0.036267413,0.036626703,0.031188717,0.031609924,0.023496463,0.022178716,0.027549937,0.033887152,0.029982244,0.022540853,0.025638408,0.02463088,0.026665058
BX49,0.013682638,0.010975304,0.024584935,0.025799526,0.017522157,0.017269988,0.019895444,0.016449091,0.012923432,0.010666085,0.017085756,0.022464618,0.040735713,0.034459644,0.036469641,0.03807749,0.036260203,0.02102047,0.025969873,0.022673164,0.023731389,0.025184367,0.028423295,0.02595615,0.025749166,0.02067959,0.024210512,0.026360324,0.027490446,0.02658319,0.025025845,0.028083256,0.024095561,0.024424846,0.021269872,0.020653107,0.026773111,0.02251898,0.020483636
BX52,0.021064445,0.016177852,0.024107485,0.022815875,0.014296056,0.017168129,0.016945326,0.01860812,0.011071424,0.015092855,0.019035929,0.037637618,0.058146584,0.033711488,0.03890995,0.041825194,0.039070723,0.019119248,0.015770398,0.018344192,0.019873305,0.021820517,0.027182704,0.024373714,0.025108827,0.024661381,0.0238351,0.023333645,0.025033246,0.023234427,0.019314329,0.014747244,0.021303055,0.032337932,0.025942658,0.018320751,0.021778561,0.025743544,0.024150583
BX55,0.013579789,0.011499862,0.020663292,0.018674113,0.014171985,0.016033123,0.017895248,0.017107663,0.014324435,0.013594401,0.018566815,0.02765993,0.034998676,0.025805578,0.028055773,0.032973561,0.027054905,0.022243399,0.021925345,0.022179609,0.02090776,0.021346372,0.024328748,0.022715453,0.023844313,0.021692617,0.023053852,0.021910865,0.02475704,0.023173776,0.018485117,0.020457832,0.022620698,0.024956101,0.023255845,0.018808075,0.021124051,0.017881399,0.023349202
BX59,0.016270932,0.0174314,0.019004557,0.019087366,0.014569215,0.015157818,0.017922834,0.016733607,0.013095139,0.013656115,0.017292059,0.026249133,0.043337135,0.0282073,0.03183615,0.036249597,0.028619977,0.023624507,0.02117446,0.027490272,0.023479736,0.024231121,0.032144422,0.026263712,0.023516556,0.026977477,0.026705641,0.024019137,0.024368155,0.028170944,0.022852228,0.020085911,0.023248282,0.021662704,0.025243255,0.020240458,0.02160131,0.01965015,0.020551705
BX62,0.014378618,0.016095835,0.018594844,0.018163016,0.012312712,0.012975944,0.022090693,0.019040718,0.014702065,0.014696201,0.021530703,0.028876755,0.039085925,0.026694079,0.030114456,0.028367106,0.027138909,0.022785433,0.021405023,0.019322828,0.025741468,0.022603953,0.02314036,0.019961956,0.026511521,0.026746659,0.022616824,0.020494823,0.020962678,0.022193111,0.020035298,0.018897502,0.021112088,0.022814574,0.025711965,0.024305824,0.02191966,0.022773935,0.023823343
BX63,0.014838763,0.011616562,0.01412042,0.014976946,0.013209803,0.016303511,0.017272892,0.01891854,0.014453863,0.013260657,0.017808545,0.024307871,0.032498301,0.020963665,0.025349836,0.025084859,0.029639219,0.018432781,0.018345677,0.018128156,0.019196604,0.022080685,0.017347182,0.016409007,0.017402109,0.01807111,0.015475963,0.015729522,0.017223537,0.019678581,0.014974191,0.01567154,0.018111167,0.018688326,0.01765553,0.017269593,0.016841726,0.019397506,0.020415755
BX75,0.014278889,0.011506673,0.019812846,0.018238441,0.013116324,0.014478624,0.021731526,0.016367594,0.012959353,0.01300571,0.01596666,0.027354076,0.032109248,0.020503161,0.030576079,0.031705571,0.032338412,0.017320014,0.021404904,0.023391695,0.021819985,0.02293628,0.023992402,0.020989548,0.021798275,0.022951048,0.025911657,0.024455823,0.023475707,0.024083938,0.021843546,0.030864901,0.026171372,0.025016745,0.027925103,0.019660792,0.019790308,0.019710192,0.020238093
MN01,0.01509715,0.014124132,0.015354956,0.016212986,0.01213575,0.012219622,0.019065993,0.01562177,0.012631202,0.012126758,0.022931498,0.031167287,0.049907743,0.035068373,0.042230486,0.037239465,0.040529702,0.023969859,0.02361868,0.026791447,0.02655724,0.021843627,0.024729682,0.021537738,0.019386767,0.022171591,0.018349441,0.018660031,0.017893741,0.015063032,0.018893621,0.01905853,0.01744489,0.01678222,0.02165461,0.017973301,0.022337568,0.019295115,0.019146495
MN03,0.015712093,0.015132301,0.023850261,0.021066506,0.016035759,0.01566138,0.022343109,0.020254048,0.013684576,0.012440312,0.017913269,0.028436941,0.04167182,0.032817917,0.038138926,0.039596538,0.037164888,0.020094723,0.019646082,0.023190937,0.023818253,0.023876766,0.021539387,0.021918369,0.021395625,0.022414935,0.023449921,0.02322719,0.025609201,0.024193907,0.019163315,0.0179259,0.018236405,0.022416619,0.020629926,0.018051045,0.019376928,0.017322649,0.02196136
MN04,0.015613079,0.013415523,0.018277662,0.016210529,0.010952612,0.009866298,0.018163614,0.01485601,0.013620907,0.010267015,0.019017935,0.031690167,0.060224845,0.038498485,0.047192931,0.047326368,0.046274499,0.02747887,0.021215944,0.018345293,0.019982796,0.01945998,0.021090451,0.021618777,0.021122399,0.023505342,0.021740794,0.022204557,0.023319674,0.025231459,0.01849591,0.016589641,0.017554546,0.019851685,0.022788256,0.02171608,0.018878517,0.021359336,0.026000104
MN06,0.017902671,0.017524238,0.02165308,0.016530399,0.011494884,0.016955689,0.01815779,0.020163417,0.014382839,0.013850716,0.026996895,0.05432779,0.083117003,0.063329977,0.071618379,0.064900161,0.060684549,0.031174832,0.019045247,0.019685775,0.031034865,0.023978212,0.022188389,0.022160239,0.030384297,0.030583613,0.029789519,0.024342974,0.026340168,0.026811098,0.023776577,0.024307589,0.026295935,0.029663995,0.02978193,0.018817428,0.025089459,0.021780753,0.029790628
MN09,0.05130273,0.044017496,0.041827223,0.022049425,0.015815461,0.017053025,0.018671211,0.017277864,0.015834116,0.01810714,0.0712824,0.114439014,0.187689342,0.113602048,0.140095722,0.135110665,0.13862179,0.051061465,0.030558159,0.034849609,0.031595327,0.032477851,0.033309537,0.027591728,0.028798167,0.039954118,0.030905239,0.026214626,0.029814114,0.033623925,0.032696631,0.029305795,0.025795952,0.023362793,0.024104807,0.022361366,0.023795578,0.022359322,0.031417531
MN11,0.013967506,0.013981521,0.01623385,0.019233251,0.016351997,0.013678747,0.021763304,0.01772988,0.015228594,0.014014275,0.02419087,0.036075748,0.055310243,0.035157362,0.047597674,0.04488086,0.040200908,0.024798383,0.021379598,0.024642853,0.027430005,0.020289746,0.02530496,0.022777408,0.027052601,0.022419252,0.024363954,0.030362601,0.026837033,0.026779408,0.023427866,0.02038033,0.022206357,0.025287742,0.02506563,0.019055771,0.018079835,0.018290953,0.024028445
MN12,0.021065171,0.017642575,0.02541549,0.019252777,0.015134275,0.013581234,0.020771933,0.020889708,0.014604623,0.013836797,0.040749094,0.080277067,0.138041305,0.101567031,0.112968542,0.121786403,0.111952488,0.053064352,0.026849426,0.030504106,0.035606638,0.037953024,0.039541899,0.036054297,0.038971049,0.037499419,0.038225947,0.039956152,0.037394614,0.037287162,0.029925099,0.027447058,0.030021288,0.03229403,0.026909051,0.029493526,0.0262423,0.027791513,0.032745418
MN13,0.026808324,0.02635075,0.034513931,0.026954642,0.018990856,0.021461334,0.022133687,0.021186978,0.020021949,0.020528404,0.055199841,0.088506199,0.158406811,0.090829892,0.112672794,0.112109292,0.108772848,0.049639882,0.035505507,0.038823648,0.036720368,0.036474609,0.045749861,0.038910816,0.038642528,0.039167709,0.037618922,0.039813534,0.038028198,0.034027594,0.028076089,0.027188526,0.029196986,0.030091548,0.029330366,0.027475203,0.026551909,0.029142063,0.036452296
MN14,0.027663897,0.020836815,0.028105403,0.023248202,0.018681513,0.022085043,0.030758226,0.024431364,0.020936309,0.017685489,0.061284148,0.10498923,0.174263368,0.126709991,0.141000801,0.136161406,0.136073471,0.05942366,0.03686704,0.041630657,0.053330821,0.053188102,0.054219433,0.05260242,0.058354149,0.053929549,0.044777731,0.05035036,0.046971678,0.04933819,0.037125703,0.027290015,0.02703335,0.037269114,0.029877999,0.029771966,0.028977225,0.029424486,0.034902683
MN15,0.020002505,0.019655183,0.033785964,0.030852651,0.022526313,0.021101205,0.023874715,0.022340532,0.018732161,0.020314042,0.04624902,0.069136339,0.111450633,0.071320592,0.087102763,0.086345334,0.095710686,0.043259533,0.035061034,0.040425509,0.041394327,0.040181155,0.042050766,0.037245001,0.036762455,0.035459126,0.034287094,0.034158604,0.035651327,0.035153367,0.028336616,0.027696079,0.030727379,0.037031682,0.028885428,0.022395963,0.028247823,0.032496891,0.033410555
MN17,0.046095939,0.039259423,0.047626353,0.047747534,0.029636193,0.023260075,0.027985936,0.03013299,0.020454889,0.025429316,0.064173508,0.108510381,0.183153346,0.096750516,0.113896359,0.107445046,0.105690011,0.057138053,0.049243349,0.037117987,0.044220968,0.039517593,0.042642513,0.039362959,0.041854273,0.04326902,0.045626232,0.040768888,0.037769836,0.039866196,0.03283347,0.028489198,0.02909334,0.032641137,0.029030084,0.029485419,0.030849735,0.034257342,0.034316388
MN19,0.029862555,0.026199767,0.034286172,0.028421614,0.018887465,0.017926874,0.023875978,0.020168454,0.012939531,0.016984886,0.046000855,0.079329804,0.132349292,0.090407081,0.109275934,0.110369384,0.110764383,0.056491805,0.033904142,0.032682236,0.043116553,0.036690911,0.038491933,0.033418207,0.046657654,0.042113459,0.039363238,0.039791834,0.044549988,0.037834447,0.025172214,0.022866155,0.024906705,0.030814037,0.029606955,0.021592354,0.023084444,0.025146286,0.035776261
MN20,0.029624332,0.028511031,0.032210126,0.024441711,0.01908909,0.017878525,0.030385573,0.022653932,0.015169222,0.020182758,0.066064883,0.117508752,0.198765849,0.125229097,0.154241452,0.15413226,0.148033138,0.059028805,0.034839805,0.032762026,0.038874262,0.045733168,0.043001539,0.039121715,0.04249594,0.043665569,0.044305581,0.044569747,0.04469218,0.044680813,0.04231275,0.033253593,0.038221458,0.039529872,0.032765639,0.035779372,0.033821975,0.038086472,0.039676929
MN21,0.051398361,0.037130248,0.045112558,0.030037906,0.018587802,0.019024761,0.026973434,0.021199435,0.023614961,0.022204033,0.07382417,0.121716468,0.203826712,0.159784465,0.192433151,0.192487371,0.191985067,0.067459211,0.043450242,0.043413168,0.031942695,0.037754675,0.040908469,0.043958637,0.045209246,0.040539327,0.038753002,0.03787915,0.045371631,0.038128483,0.036072894,0.02593516,0.034663601,0.03419597,0.032028571,0.034942523,0.032906787,0.035000687,0.031883677
MN22,0.042578977,0.04028407,0.046779548,0.03150409,0.013108003,0.0141926,0.016638025,0.015676345,0.011555743,0.012400492,0.08677077,0.15044981,0.233736759,0.178441266,0.201564568,0.20421803,0.197737341,0.067163525,0.022122038,0.022013386,0.024802475,0.032784397,0.034084176,0.026767311,0.029188856,0.026356225,0.021834089,0.026763563,0.029768243,0.020097241,0.028222708,0.019069278,0.027527276,0.031242089,0.032011109,0.020633989,0.020968578,0.021402574,0.034503846
MN23,0.042233013,0.035416057,0.043189995,0.029700769,0.016859611,0.016629946,0.022742469,0.015897532,0.012360265,0.014067533,0.082082814,0.145464889,0.236757654,0.169856221,0.194938532,0.175706039,0.178945767,0.067679543,0.028229386,0.0349175,0.035814838,0.037492665,0.042306432,0.039350684,0.042032976,0.038903278,0.037642429,0.038791301,0.039106009,0.032683841,0.026979109,0.016947636,0.016452451,0.020516961,0.025408332,0.023146613,0.020935093,0.022093894,0.028160308
MN24,0.019969199,0.025664441,0.031351375,0.026635035,0.017827577,0.016643491,0.022020059,0.01711708,0.014017002,0.010897786,0.037492558,0.063089245,0.113055221,0.044759016,0.071776292,0.070947909,0.075102077,0.027102512,0.017039802,0.019429264,0.01622398,0.014195392,0.012738846,0.012621613,0.017809264,0.017137697,0.017677269,0.013908041,0.015214366,0.011700951,0.007793762,0.009636614,0.006407636,0.005045445,0.005489359,0.006292133,0.005855073,0.006642618,0.020629727
MN25,0.038323441,0.03546973,0.041651196,0.033699017,0.020033166,0.022206884,0.028389523,0.022739291,0.016367894,0.015786961,0.073082204,0.117863046,0.204432093,0.155513467,0.16504162,0.165782624,0.159242739,0.066178123,0.045467505,0.052756436,0.04688398,0.052879584,0.051903367,0.042978337,0.053208185,0.055019986,0.054365966,0.048090328,0.045615723,0.047120212,0.041381819,0.036994629,0.041407079,0.041921549,0.043194823,0.032655169,0.036421061,0.032656723,0.040167998
MN27,0.022821719,0.020531648,0.027606711,0.027336814,0.018331173,0.025396807,0.025881176,0.021909249,0.024237249,0.018529466,0.031544465,0.054911956,0.08454212,0.0526388,0.067324223,0.073110411,0.066372253,0.034676537,0.024571398,0.025287113,0.029044831,0.026839672,0.02935438,0.022663792,0.025205705,0.023639771,0.024595117,0.023499976,0.024849897,0.027257272,0.025623872,0.021310228,0.020805608,0.027504819,0.027356741,0.023672627,0.025827955,0.023883524,0.031692135
MN28,0.017110275,0.01683454,0.02296558,0.021361026,0.015674192,0.020349935,0.025090879,0.01767832,0.014862723,0.016692586,0.027685376,0.046881574,0.076422266,0.051477156,0.060793434,0.064539995,0.060966574,0.034743899,0.02390626,0.022968891,0.026433952,0.02328645,0.024455544,0.023706253,0.027788764,0.030554066,0.036741004,0.034448284,0.033272575,0.028888452,0.027436086,0.023457892,0.026262659,0.030771447,0.027016987,0.025554328,0.026211914,0.025246423,0.026323672
MN31,0.025612449,0.021778275,0.027749437,0.023309213,0.017677443,0.017828579,0.023120284,0.019664652,0.016957428,0.017430359,0.044414123,0.078332063,0.133194326,0.09616166,0.113728773,0.11060323,0.106175176,0.049497184,0.029729572,0.02855967,0.035722717,0.036025353,0.040649511,0.034547493,0.039881166,0.040865079,0.052612561,0.046799065,0.045749884,0.039475015,0.031721902,0.02498615,0.027843666,0.032167271,0.030478245,0.026995972,0.024309908,0.026352198,0.030779543
MN32,0.020806681,0.015289953,0.023211221,0.018755975,0.014456496,0.014960523,0.026152453,0.018878621,0.015740587,0.015911901,0.03836531,0.067632298,0.123544553,0.077653136,0.100064302,0.100431192,0.101741309,0.046344598,0.029469549,0.037038803,0.036855885,0.039882282,0.036451969,0.041851445,0.046570239,0.043714968,0.040634687,0.040423182,0.040902843,0.03825766,0.029021041,0.028574345,0.027613773,0.035014661,0.028498798,0.026591295,0.028034174,0.028988723,0.030668994
MN33,0.01803594,0.018379466,0.024564207,0.023093991,0.019022348,0.016787747,0.018917668,0.02087416,0.015463224,0.015720339,0.030440788,0.043272302,0.076358894,0.054586741,0.061438702,0.06877989,0.063335338,0.033053555,0.027501517,0.025784315,0.031508175,0.027772706,0.024188486,0.023021453,0.027888488,0.031717596,0.031289874,0.028488942,0.030986905,0.031408678,0.028044954,0.026060807,0.032044811,0.029659337,0.02470534,0.021734606,0.026339188,0.024639811,0.027811285
MN34,0.018941782,0.019727266,0.01955403,0.020009301,0.01290246,0.013998317,0.018071909,0.018590067,0.013209249,0.01490007,0.017091647,0.028688395,0.046796117,0.033154169,0.039801851,0.041414998,0.038529602,0.02322108,0.02142151,0.023876506,0.019142091,0.022378142,0.023015044,0.020235988,0.025090437,0.024998252,0.028845393,0.029458743,0.02789579,0.025311842,0.020863062,0.019706629,0.029069703,0.026982027,0.026053889,0.022596988,0.022439976,0.022017595,0.026964838
MN35,0.015268398,0.017714623,0.022810146,0.020229289,0.014516836,0.015286135,0.019114799,0.018968098,0.017877795,0.013217354,0.030341018,0.039908352,0.065506097,0.033754267,0.040397769,0.044446251,0.043914602,0.026244071,0.020712118,0.023409701,0.021587734,0.018562193,0.023365711,0.02274707,0.029203993,0.025137152,0.028437373,0.028532887,0.027830857,0.02180013,0.017284464,0.015447207,0.016191736,0.021262046,0.022701413,0.020068041,0.022181458,0.024176679,0.02786257
MN36,0.018291947,0.015005276,0.020658455,0.017363362,0.013401987,0.013778787,0.018760511,0.016156953,0.013114822,0.014827849,0.022286873,0.039175235,0.058512937,0.049397739,0.056530797,0.05825306,0.055347537,0.028972231,0.021367236,0.023900728,0.021433358,0.026733408,0.028191817,0.024019482,0.028268587,0.027969378,0.023974724,0.026219672,0.027164468,0.021759536,0.021279022,0.017809261,0.021094451,0.020869354,0.023949186,0.020147352,0.023207821,0.022263908,0.024552359
MN40,0.027137428,0.019229294,0.024696234,0.020734952,0.017246907,0.017932085,0.033752104,0.018790636,0.016829325,0.014428584,0.069166191,0.131502425,0.242420542,0.184709281,0.210836114,0.210229446,0.206281036,0.079186546,0.04063233,0.048607721,0.053145065,0.068202734,0.063024957,0.056736508,0.069186906,0.068095947,0.059871956,0.070482644,0.072860776,0.078021187,0.051614133,0.041690771,0.042081398,0.050200941,0.046851244,0.052123836,0.036783612,0.034479131,0.039793558
MN50,0.028659573,0.01927241,0.030824245,0.019521163,0.016683289,0.015629615,0.020215619,0.021271108,0.015314335,0.018298467,0.054494248,0.102495301,0.178715479,0.125838239,0.146264991,0.150746358,0.133497601,0.061667076,0.040777853,0.03891217,0.048684086,0.036255162,0.044390101,0.039916963,0.049420391,0.045915216,0.054583916,0.044824589,0.056807843,0.057326893,0.042108494,0.033739875,0.035611337,0.043160767,0.038773995,0.038432212,0.037185146,0.033196728,0.028928378
QN01,0.014342782,0.012221434,0.016622179,0.017732802,0.013680871,0.015727494,0.020635936,0.021072306,0.012593253,0.011250316,0.015268193,0.020339327,0.030987066,0.0287261,0.035343169,0.035888145,0.035633997,0.01934257,0.018366009,0.020478466,0.019869148,0.020278382,0.020705187,0.01925788,0.020780435,0.023118908,0.017006563,0.017852337,0.020553008,0.018749498,0.016436953,0.015603921,0.017500148,0.021356458,0.019581788,0.017630326,0.015941068,0.016740337,0.01331437
QN02,0.016319116,0.015338143,0.019711418,0.017953749,0.012338875,0.014458017,0.018155931,0.016075692,0.013487802,0.015137195,0.017860183,0.028170874,0.033902471,0.023681637,0.026540142,0.030017036,0.033627056,0.022692312,0.018687154,0.01955964,0.019185651,0.027596061,0.01799963,0.022887701,0.022058165,0.020721447,0.016849797,0.018456822,0.019937926,0.022386762,0.022655541,0.024637536,0.026412309,0.029846353,0.029290804,0.019473919,0.020060723,0.021023654,0.021567552
QN03,0.016049256,0.015303864,0.022299747,0.020973698,0.011355303,0.008991812,0.018833158,0.015727596,0.008284484,0.010234024,0.017205529,0.016971973,0.028759061,0.021183658,0.023155546,0.028384446,0.026661532,0.024586769,0.02091542,0.025060766,0.030035135,0.024167917,0.023902885,0.020685161,0.022768863,0.027806921,0.025362394,0.023232846,0.025183666,0.021032113,0.018182127,0.0169823,0.020535441,0.019902957,0.022336407,0.021600608,0.016650384,0.020304607,0.024461953
QN05,0.012113975,0.014153006,0.020197401,0.021965078,0.011156131,0.012684493,0.015737683,0.016033748,0.011810348,0.015596173,0.018254997,0.026246844,0.032846925,0.019305384,0.024842625,0.026771033,0.021113734,0.017607811,0.016416262,0.015898729,0.021946961,0.025180736,0.02407024,0.020105215,0.019957297,0.021101785,0.017090847,0.016183197,0.019822052,0.019959037,0.014918268,0.013152035,0.01533163,0.01945785,0.016423576,0.010804795,0.011498284,0.012454125,0.013902004
QN06,0.01171614,0.012495371,0.018109773,0.016737066,0.013212002,0.013345499,0.018359797,0.015903614,0.014118281,0.011560626,0.019303516,0.021432118,0.034222869,0.023779173,0.033640145,0.03878969,0.037794455,0.020376617,0.01410752,0.014865376,0.016379769,0.02397215,0.022508402,0.019317394,0.021020658,0.024695597,0.017735929,0.020341449,0.020971238,0.017168926,0.01561481,0.01478018,0.017843952,0.020859256,0.020092918,0.021010412,0.02303559,0.022332157,0.02161464
QN07,0.015466558,0.010301549,0.018523054,0.013148276,0.012880182,0.016283982,0.022539881,0.017240825,0.014908663,0.01473744,0.016383998,0.020431784,0.028817739,0.019250077,0.024794591,0.027075743,0.028775638,0.022428482,0.021277752,0.020918361,0.018769794,0.021388759,0.017743748,0.017378427,0.01734719,0.014252201,0.015320422,0.015384596,0.015192041,0.018375491,0.01705262,0.016355043,0.016931939,0.015741113,0.015673535,0.014904654,0.014956665,0.019445942,0.020249956
QN08,0.01321417,0.012891314,0.018423727,0.017842168,0.012306907,0.011942632,0.015909404,0.017676379,0.011086954,0.009168029,0.014557674,0.019948431,0.029973004,0.022979338,0.028179937,0.029030727,0.030529264,0.019923873,0.019713512,0.019355466,0.019413162,0.020777425,0.020495672,0.019914412,0.019915344,0.022263206,0.021363059,0.024352662,0.024166069,0.022247771,0.020119522,0.017753848,0.021882575,0.022610041,0.021203856,0.020081108,0.019492433,0.023511813,0.024680897
QN10,0.015503424,0.012745333,0.017378115,0.018147069,0.017747887,0.016740752,0.027637179,0.018201553,0.011281997,0.009460449,0.017239637,0.024797069,0.035342484,0.023413002,0.029799692,0.030057303,0.029486019,0.021883931,0.01987265,0.021137407,0.025615033,0.027056096,0.024323098,0.019931736,0.021344282,0.022312912,0.017233551,0.020509813,0.021289814,0.018885286,0.018454469,0.014311294,0.017435255,0.023092117,0.022693067,0.027759994,0.034254337,0.03406283,0.032558663
QN12,0.013595113,0.01440645,0.021664785,0.019535344,0.0163159,0.015708355,0.018634446,0.019280859,0.014949078,0.013195609,0.01513128,0.022458888,0.036892214,0.024648555,0.033716966,0.033173502,0.029565027,0.020067789,0.019235024,0.024090536,0.022857021,0.022583988,0.024411594,0.023949985,0.025498444,0.023605623,0.025438332,0.024795605,0.026620675,0.023257621,0.020204516,0.021429517,0.019734077,0.021376464,0.020444568,0.023064689,0.028859956,0.023496999,0.023581516
QN15,0.014810615,0.015323854,0.017913529,0.019472543,0.01395906,0.014461235,0.020807206,0.019552865,0.013149201,0.014257785,0.014960387,0.020576452,0.028468367,0.022406872,0.027594801,0.029247064,0.030282519,0.022673231,0.022006408,0.021032104,0.025924029,0.02707257,0.023010211,0.021885667,0.020885176,0.02037896,0.022743493,0.020799,0.021764164,0.017820899,0.016523412,0.013799957,0.015790432,0.017345798,0.018940912,0.017832288,0.018606033,0.018139953,0.02364429
QN17,0.014374572,0.013448344,0.018758131,0.019063833,0.013841356,0.013578767,0.020627455,0.018246848,0.013110247,0.012057062,0.02042896,0.031874559,0.048490344,0.033716901,0.039686536,0.045460641,0.04123154,0.025479958,0.021122049,0.022768046,0.022296269,0.022858423,0.024400684,0.019760186,0.021419861,0.022230842,0.027289931,0.025304667,0.026145536,0.023791845,0.022308683,0.019567166,0.021595325,0.021927642,0.022863163,0.021738873,0.023511034,0.024428312,0.02406065
QN18,0.016937942,0.013775412,0.019646784,0.015783303,0.012157344,0.013009993,0.019888333,0.017267855,0.01497346,0.014870718,0.022802184,0.030001661,0.046677718,0.031136475,0.041807292,0.043853124,0.041228986,0.024853916,0.02375164,0.025787889,0.026385237,0.026222965,0.028145002,0.022994745,0.028185517,0.027194366,0.024483672,0.019172173,0.020647505,0.021900782,0.01803343,0.015799931,0.021127716,0.017952791,0.022314879,0.020219964,0.017699785,0.021817951,0.020577348
QN19,0.011967928,0.007735042,0.017591261,0.013842262,0.010316895,0.009447611,0.014844483,0.014960869,0.009376613,0.013145933,0.015524322,0.023835665,0.036701644,0.022372636,0.035594118,0.033426576,0.029750837,0.01614832,0.020998759,0.019367194,0.020462829,0.018711137,0.01678548,0.01761486,0.018499926,0.0190627,0.020180089,0.016452955,0.019646696,0.019487445,0.013710521,0.013391482,0.010551697,0.015159302,0.012657515,0.014770231,0.012097968,0.014291227,0.020298506
QN20,0.010412142,0.010798902,0.016035935,0.013773014,0.011009087,0.012772782,0.016069805,0.016709962,0.011661588,0.009578258,0.015755655,0.027124386,0.044539385,0.037840935,0.042587579,0.041594838,0.04476623,0.025227757,0.020335162,0.02254903,0.025718821,0.024493816,0.024168513,0.021759002,0.023884302,0.022080771,0.021822733,0.022083632,0.022555795,0.024014564,0.019489924,0.020099565,0.023107972,0.021932958,0.024638767,0.024510032,0.018630919,0.021828026,0.021480205
QN21,0.014927028,0.009825404,0.013655471,0.014321154,0.012146077,0.01256852,0.017850383,0.016342506,0.009715408,0.008209923,0.013698817,0.019971024,0.03502531,0.031194788,0.034531415,0.033231079,0.033956787,0.018277063,0.020410432,0.023340616,0.021926681,0.022829299,0.02211133,0.021045513,0.018122326,0.019068888,0.024447624,0.02489393,0.021533896,0.021569548,0.020950731,0.019116118,0.019756658,0.019163797,0.020933495,0.018581562,0.014996702,0.017402609,0.018524473
QN22,0.017755268,0.018668241,0.02419482,0.02311029,0.019547013,0.022368254,0.022109882,0.021458705,0.017377414,0.021324768,0.024329828,0.033165929,0.051761305,0.03387458,0.038416219,0.041359521,0.041354805,0.02296928,0.017748727,0.020591801,0.020350657,0.020723427,0.023697788,0.023467043,0.023751082,0.022758409,0.02258339,0.019167733,0.019579498,0.019717972,0.021235578,0.015422485,0.019471471,0.021673278,0.0245018,0.019915232,0.020431423,0.020982941,0.023809338
QN23,0.011796568,0.008336099,0.012068291,0.015724248,0.009684189,0.012209655,0.015654444,0.01575614,0.008285632,0.009364008,0.015485275,0.021016626,0.03194531,0.026254546,0.035071227,0.03906337,0.0307829,0.018664358,0.022272557,0.018397392,0.020812793,0.022319208,0.020851006,0.017461338,0.019377481,0.016950756,0.017153211,0.020283866,0.019948233,0.019014425,0.015526061,0.015498247,0.016887535,0.016390943,0.018134193,0.021835753,0.018965956,0.02214065,0.026295653
QN25,0.011223424,0.010721131,0.014676505,0.014274353,0.012803118,0.01217503,0.016749938,0.018065808,0.013870562,0.009978987,0.013613523,0.021636069,0.035687842,0.02956681,0.031939218,0.039265819,0.034692056,0.019604208,0.01905721,0.019736749,0.020327953,0.024208618,0.023873823,0.021991531,0.023198165,0.020854109,0.019879844,0.017532226,0.019019583,0.01684765,0.013557998,0.013822428,0.019778017,0.020305582,0.016206705,0.013930041,0.016110294,0.017226177,0.01670114
QN26,0.009769459,0.007540245,0.010999033,0.010825829,0.01005948,0.01021993,0.010896094,0.014734046,0.012884672,0.00771438,0.01429327,0.021538561,0.035206877,0.022245445,0.027010142,0.026623828,0.029215519,0.015359303,0.014892531,0.011224964,0.014603941,0.017079458,0.017684133,0.014327841,0.014996575,0.016228369,0.014746465,0.015057609,0.016288525,0.015763563,0.015198496,0.01100129,0.0136551,0.013749087,0.014405099,0.01356013,0.014924255,0.015267192,0.01632946
QN27,0.014720457,0.014197205,0.017785776,0.014086023,0.012485269,0.010826586,0.013462625,0.010428269,0.010460786,0.010442297,0.017298588,0.021963676,0.028257122,0.026139058,0.030828023,0.038117746,0.035883647,0.019118067,0.019130523,0.017927423,0.020181986,0.022523658,0.021619582,0.01944146,0.020166974,0.01891135,0.023333506,0.022513817,0.022544638,0.018047692,0.017618642,0.012857716,0.014777608,0.014964453,0.01257305,0.01653561,0.015645359,0.019362749,0.015942691
QN28,0.013256394,0.011817404,0.016274303,0.014240588,0.011102077,0.011829063,0.014399631,0.015228852,0.010712428,0.011079426,0.016121033,0.027324137,0.042787244,0.027275066,0.03318461,0.033448379,0.033616739,0.017149469,0.015343177,0.016808489,0.018753671,0.018211172,0.019083926,0.017405323,0.020663406,0.019731651,0.019604484,0.019203458,0.020902108,0.020978458,0.018935863,0.0149368,0.017651937,0.019391766,0.018107597,0.015318713,0.016405754,0.017246551,0.015245241
QN29,0.011532334,0.011907754,0.014898006,0.012977384,0.011734083,0.01511219,0.017233616,0.016193796,0.012255652,0.013693873,0.013610537,0.024868006,0.040911287,0.028360312,0.034523701,0.039203502,0.036648209,0.020764936,0.018213804,0.020060261,0.021499903,0.020197837,0.021058441,0.019672336,0.021857132,0.021515014,0.018168128,0.019688374,0.019720187,0.018956514,0.016262938,0.013878862,0.017443761,0.017750006,0.018079812,0.015301352,0.016834129,0.017542659,0.019797516
QN30,0.011755822,0.01026133,0.012837938,0.012252665,0.010202711,0.01280832,0.016821168,0.015793669,0.011681421,0.013909085,0.016519897,0.021213782,0.029462104,0.023785942,0.031985525,0.033358927,0.034085624,0.022100427,0.01750667,0.023603047,0.023802617,0.025140421,0.020972015,0.018874765,0.023065419,0.02011243,0.023801415,0.025443691,0.027495547,0.026788601,0.021931719,0.019123419,0.024402853,0.024344021,0.022460462,0.02152769,0.021444306,0.019794724,0.020770839
QN31,0.013775482,0.012541854,0.016353789,0.017632857,0.013096128,0.012878814,0.01684281,0.017904266,0.012921557,0.010659941,0.017537934,0.029532732,0.048536844,0.034363023,0.043701097,0.049507702,0.045917048,0.023922536,0.018463608,0.018438705,0.020291539,0.01882058,0.019565011,0.017999506,0.021230798,0.021650152,0.024503284,0.023926886,0.023721345,0.022648226,0.018855521,0.018701555,0.020546031,0.021663402,0.022286245,0.022266679,0.018437092,0.022498675,0.021487252
QN33,0.017390039,0.014820684,0.022555288,0.017476526,0.020143291,0.017123418,0.024680358,0.018553573,0.013372003,0.011743913,0.016569066,0.019919175,0.033157037,0.024610901,0.030554622,0.03547251,0.034428214,0.026146814,0.022072238,0.0270232,0.025884625,0.022435238,0.022563408,0.015952642,0.017465786,0.019119742,0.022473411,0.021452737,0.024828288,0.027036894,0.022112002,0.019399892,0.024232837,0.026086697,0.032723732,0.02054521,0.019537712,0.010422016,0.015553081
QN34,0.010934289,0.010718365,0.017885779,0.014768609,0.010952673,0.013598386,0.01706088,0.015521946,0.011295108,0.011179823,0.015531169,0.019863933,0.032233172,0.018617274,0.025674668,0.027059333,0.024991584,0.016356409,0.018039578,0.018207447,0.018359365,0.018420424,0.018656879,0.018210796,0.02159471,0.022926919,0.017611852,0.018480673,0.016830014,0.018708401,0.019056666,0.013046496,0.015589005,0.015635173,0.018130271,0.016751961,0.014617416,0.016930943,0.021975462
QN35,0.013030848,0.017125096,0.018210887,0.0188771,0.015140297,0.01484898,0.017137544,0.022762576,0.014277407,0.01264039,0.019919868,0.023896653,0.038998592,0.027498045,0.03707487,0.035868213,0.035420945,0.022548624,0.019975983,0.020791716,0.022311874,0.019679469,0.020456901,0.023044184,0.02458584,0.024748948,0.021056066,0.021607486,0.023086109,0.020891937,0.019052231,0.017683285,0.016104896,0.017416432,0.020345524,0.018562597,0.020860699,0.01975799,0.024479732
QN37,0.019410324,0.019149428,0.025932797,0.020386579,0.011933782,0.013936839,0.015619894,0.017086885,0.013456188,0.009185702,0.019721705,0.033232232,0.055834085,0.039354456,0.042400983,0.039829059,0.040333787,0.020410958,0.016699922,0.012798046,0.016893677,0.017197367,0.019784877,0.017255746,0.020610545,0.022845277,0.017424857,0.020011241,0.017915046,0.017789117,0.014971709,0.016863733,0.016850767,0.024026531,0.019566719,0.012481365,0.016576749,0.017360269,0.018520015
QN38,0.036466105,0.036176191,0.036192912,0.018835509,0.015219637,0.013050279,0.017505714,0.018179553,0.025400698,0.027118978,0.071956631,0.070359101,0.125086038,0.03566883,0.041828514,0.039961344,0.041939069,0.022552738,0.018794372,0.022284668,0.026089149,0.029107837,0.031082903,0.026425398,0.023785965,0.026838889,0.01745568,0.024336937,0.023000544,0.021482493,0.020348612,0.018522747,0.019347215,0.020573969,0.020100389,0.019937878,0.020945606,0.019674282,0.024364266
QN41,0.014789399,0.015245864,0.01262169,0.014775963,0.014544838,0.0189307,0.0184415,0.016993402,0.014720608,0.011197196,0.01691629,0.025087319,0.035924532,0.028403485,0.035058649,0.035959583,0.043384365,0.022165983,0.022310563,0.023322408,0.023952812,0.024672616,0.028264523,0.019827314,0.021913108,0.02277427,0.020351119,0.018975866,0.015303626,0.020630349,0.016364324,0.01399753,0.01908874,0.018080004,0.016055166,0.013655619,0.014158529,0.014887126,0.01370986
QN42,0.011007838,0.015253866,0.01629649,0.020755918,0.012679415,0.011852317,0.014759342,0.015133646,0.010398908,0.010112168,0.013549345,0.019643546,0.030933487,0.024485974,0.030737758,0.030613059,0.03325612,0.018584817,0.012902247,0.017174702,0.021194292,0.019524772,0.016439992,0.017128545,0.016508306,0.018677715,0.019852426,0.015361531,0.018204762,0.020421396,0.020527221,0.021756618,0.025344824,0.025687998,0.028366395,0.019404693,0.018683797,0.017669185,0.016945459
QN43,0.014219233,0.01183274,0.015128055,0.017218617,0.012815632,0.012313056,0.015926216,0.01436465,0.01169722,0.012812452,0.015940781,0.022775032,0.03863855,0.026024786,0.030444558,0.037273821,0.032904272,0.01728772,0.015539622,0.018069764,0.019269389,0.021348049,0.024531768,0.022653258,0.023514337,0.025784163,0.020128486,0.022760701,0.019499835,0.021841244,0.015647334,0.016932028,0.015842724,0.019828156,0.025710045,0.018629419,0.024611756,0.017621865,0.023098561
QN44,0.014045209,0.015930052,0.01666573,0.02031505,0.015279879,0.013344803,0.020830442,0.018616818,0.013075271,0.014269466,0.021458053,0.024809123,0.032936885,0.026188126,0.027184437,0.027486467,0.030003742,0.022193056,0.020833794,0.020656943,0.023360345,0.026378573,0.02401045,0.020158226,0.02490339,0.024294826,0.019856217,0.027099678,0.03020265,0.034363161,0.02751529,0.028730185,0.033455543,0.028644444,0.030154891,0.021411442,0.024590748,0.025447899,0.029498057
QN45,0.016122309,0.013333047,0.01901787,0.017414275,0.013640222,0.013766369,0.019617231,0.017802387,0.013363509,0.011752454,0.016918798,0.021376883,0.035941856,0.025340425,0.032969277,0.033584435,0.03584873,0.024114475,0.023853083,0.022297099,0.024305962,0.020806316,0.027400555,0.022403742,0.029141933,0.029232473,0.026111176,0.026631642,0.026948975,0.025630509,0.020671627,0.017604471,0.020602412,0.020630649,0.01810998,0.02182522,0.021418327,0.026263395,0.026471266
QN46,0.015428902,0.015201915,0.01755339,0.017604772,0.016190785,0.014947113,0.019015308,0.018174787,0.014907853,0.009272454,0.01415466,0.019076792,0.03320114,0.026518353,0.031670714,0.034108413,0.0375828,0.020304295,0.016255757,0.019187307,0.023970491,0.023361115,0.024071734,0.019368664,0.018667635,0.0165103,0.020593825,0.017773857,0.015504282,0.021023541,0.015262605,0.015773813,0.02141413,0.023312799,0.022683745,0.023286908,0.020046078,0.020536427,0.024962611
QN47,0.01616356,0.014844077,0.023273492,0.017023292,0.013153886,0.012240722,0.021834443,0.019019795,0.010324626,0.011842735,0.020666598,0.023603524,0.042868272,0.031861922,0.03913381,0.041946773,0.041949645,0.027478991,0.021557543,0.025282214,0.028443972,0.029393502,0.026107793,0.02217016,0.025290965,0.024024846,0.022886603,0.024482426,0.0219825,0.021081231,0.020998171,0.021169465,0.022323185,0.022899642,0.02406739,0.030062776,0.025115358,0.024408006,0.026748459
QN48,0.010366432,0.011274313,0.015203184,0.016811959,0.013583932,0.017053969,0.019885789,0.017136567,0.013260331,0.014225469,0.016313584,0.022572806,0.03274845,0.027890667,0.029468051,0.032326968,0.031900997,0.015452957,0.020861221,0.020330309,0.020372417,0.021266347,0.018775977,0.015440234,0.020724975,0.025364531,0.021303524,0.020092828,0.024771775,0.022681572,0.015562989,0.016054848,0.020826837,0.018451617,0.019883999,0.015659392,0.018153746,0.020988754,0.019842288
QN49,0.015280678,0.015630838,0.017654912,0.013119406,0.011218855,0.009815788,0.016955323,0.014476987,0.010094227,0.013475448,0.017476361,0.021648387,0.034191858,0.02367098,0.031043095,0.028599299,0.029327282,0.019349807,0.020987652,0.02197449,0.023801795,0.022561859,0.020812008,0.018981544,0.021632131,0.019497505,0.02037092,0.022657619,0.021246366,0.020248583,0.021713618,0.012905864,0.01661666,0.01782494,0.017825659,0.01852767,0.016592473,0.01583426,0.019401041
QN50,0.011379186,0.013120988,0.018525794,0.014668535,0.012424847,0.011223837,0.012930328,0.014108711,0.013524099,0.009395717,0.014145163,0.019181837,0.034844065,0.024079623,0.031126343,0.031799869,0.030723545,0.017500125,0.015387202,0.01960055,0.016851796,0.023150984,0.022789687,0.020639551,0.018704806,0.01654947,0.016471701,0.019992592,0.019230618,0.021472387,0.017955274,0.015341448,0.019284848,0.019187582,0.020823638,0.018389008,0.017967758,0.018315964,0.024770205
QN51,0.014989528,0.012527568,0.015505789,0.013504494,0.015742701,0.013147807,0.018267675,0.015707744,0.012767545,0.009795766,0.015114569,0.027545021,0.038942325,0.025194013,0.02781509,0.027847733,0.029196179,0.017698299,0.011970371,0.015459955,0.017470385,0.017116724,0.018398681,0.015600595,0.020580501,0.020487184,0.022965594,0.020010443,0.021091668,0.020451897,0.01619867,0.014976016,0.01702631,0.020095935,0.018651075,0.023263364,0.022529605,0.023247186,0.026016302
QN52,0.017002374,0.019474228,0.021959067,0.020619435,0.019864495,0.01797721,0.01817883,0.019228728,0.014477724,0.014326645,0.017966573,0.022511104,0.038271615,0.022771918,0.0218924,0.028672821,0.035228127,0.01948531,0.015452595,0.018568901,0.019917882,0.017755121,0.017898398,0.016429884,0.01961687,0.01902593,0.01390119,0.018176926,0.019068314,0.01670593,0.012504517,0.011406126,0.014481411,0.017642981,0.019267193,0.017189179,0.016412397,0.017328117,0.018000915
QN53,0.011480747,0.011430241,0.016563074,0.014432324,0.011756366,0.012295745,0.018384319,0.01876238,0.015439526,0.012606151,0.01785673,0.023487527,0.040584216,0.025282843,0.027714795,0.030159797,0.030211223,0.018662677,0.018201193,0.019095586,0.020483555,0.020208153,0.023043887,0.02057882,0.022845869,0.020891654,0.01908123,0.02048716,0.020917488,0.018974796,0.017644629,0.018222199,0.01865798,0.021615219,0.024292179,0.017500492,0.017544334,0.021009627,0.023590008
QN54,0.013130843,0.013293824,0.01488209,0.012723793,0.011199056,0.012148112,0.014947532,0.015490819,0.01193484,0.010017433,0.012340203,0.01949028,0.031929463,0.026939766,0.034753608,0.034367637,0.031398212,0.021317893,0.018727125,0.021557029,0.021688338,0.021047402,0.024671303,0.018696503,0.023100522,0.022990029,0.02084727,0.019060648,0.020416358,0.021226498,0.016840667,0.018985819,0.018667001,0.020089329,0.020671462,0.016611843,0.016306199,0.02078347,0.020753681
QN55,0.012339789,0.014017286,0.017571672,0.015304987,0.010992774,0.013343051,0.016108684,0.014141407,0.012800496,0.012059688,0.015030649,0.02199412,0.032881584,0.024144858,0.026536972,0.029917089,0.031667474,0.019019236,0.021194291,0.020210721,0.021786623,0.01915241,0.021858416,0.01761221,0.020985276,0.020508679,0.020231129,0.019359827,0.019354243,0.020430469,0.016513257,0.016079891,0.017297335,0.018017249,0.017174469,0.017432027,0.014671005,0.016439506,0.019770928
QN56,0.014013656,0.012609596,0.01549732,0.012214974,0.012859697,0.011097085,0.01838661,0.019354151,0.013253996,0.013247441,0.017433967,0.020144725,0.033993569,0.017721969,0.026565171,0.027493479,0.025849366,0.018595955,0.016536002,0.018870822,0.024297205,0.020535197,0.0188193,0.017324676,0.023547161,0.019682587,0.016805037,0.018556871,0.019351779,0.016627672,0.017375253,0.015209218,0.017147188,0.020092252,0.024057856,0.016474822,0.016786428,0.016607852,0.021851734
QN57,0.016037485,0.016079691,0.019794483,0.01997528,0.016342935,0.012604453,0.019432157,0.015548056,0.01356444,0.012015334,0.016553229,0.021587918,0.038067795,0.022736271,0.027703588,0.027278449,0.025490347,0.018823112,0.017652055,0.022264959,0.022150605,0.021112961,0.01896317,0.015753206,0.02110625,0.01667044,0.01946719,0.017902801,0.014956682,0.013965105,0.015191065,0.016385905,0.018729002,0.019414224,0.017266161,0.015722116,0.017778606,0.019510382,0.019931973
QN60,0.014851676,0.0155037,0.017678584,0.016602402,0.01392484,0.010873576,0.015223335,0.015991334,0.013253306,0.013053096,0.015686218,0.025788124,0.037362375,0.027006152,0.034252993,0.031241461,0.032065159,0.017225303,0.019808076,0.018096042,0.020818091,0.025084922,0.023684911,0.025433776,0.02325537,0.021898108,0.023193488,0.023083384,0.027135509,0.025349291,0.020773816,0.018252386,0.021438419,0.021298098,0.02009845,0.019770357,0.018487216,0.023415609,0.020386466
QN61,0.01286652,0.014506094,0.01622596,0.01671442,0.015078943,0.013948054,0.017001113,0.018159447,0.012273888,0.008821574,0.013950887,0.025225111,0.03612477,0.024145272,0.030581565,0.032070996,0.028014255,0.016542923,0.015247463,0.016447223,0.016989954,0.021107288,0.020777758,0.019414737,0.019688879,0.019748392,0.019126447,0.016967719,0.018954583,0.019142019,0.017698773,0.015812293,0.017428749,0.019081893,0.021480658,0.016736325,0.017166479,0.019775666,0.023967276
QN62,0.011281481,0.014675409,0.016471781,0.015417159,0.017567278,0.023492345,0.019219506,0.019082913,0.018433876,0.014479297,0.02419692,0.03034397,0.051700757,0.022450103,0.028585184,0.037255149,0.0310308,0.01264272,0.013500035,0.018340545,0.016064348,0.017077449,0.018406878,0.016115662,0.018735617,0.01637857,0.014343349,0.013008045,0.011176427,0.010586515,0.008414851,0.007975053,0.012207356,0.012074464,0.014504188,0.013147348,0.011557485,0.012741601,0.019815228
QN63,0.012937856,0.011621035,0.017187645,0.013784737,0.012646846,0.013690011,0.015537425,0.016711661,0.011287805,0.009924865,0.01710903,0.026084269,0.04427842,0.032228207,0.041369657,0.042010021,0.037890698,0.023695762,0.016742509,0.01849666,0.018409111,0.01937906,0.020975395,0.01719906,0.019447454,0.020973569,0.016907621,0.019353304,0.016681604,0.017995086,0.015636231,0.013678509,0.015744314,0.019399325,0.021252991,0.017674722,0.019479365,0.022700826,0.022239481
QN66,0.014921,0.016081492,0.014191967,0.015557419,0.013443345,0.011177454,0.02148019,0.016581072,0.011029616,0.012573252,0.016440327,0.022759658,0.03292365,0.026284772,0.029291144,0.031001125,0.033450632,0.025174251,0.02128094,0.022098847,0.021219546,0.01907659,0.016131084,0.018564814,0.021155246,0.018996983,0.015388497,0.019746605,0.019224733,0.017935202,0.017817751,0.020183152,0.02492221,0.024523939,0.02811715,0.019737122,0.025632187,0.024852221,0.02360014
QN68,0.017214493,0.018826278,0.022654326,0.021961626,0.017726596,0.017016392,0.021174369,0.018294274,0.015489883,0.012391576,0.017616312,0.037311887,0.053874648,0.037440014,0.054058459,0.049461098,0.056187945,0.025012719,0.0242327,0.028037121,0.027958717,0.02673264,0.024501942,0.026585836,0.029076864,0.024339076,0.026628671,0.024967795,0.026844975,0.022799714,0.022804782,0.016780111,0.024479685,0.023584333,0.019407376,0.016439074,0.019267105,0.021550145,0.020361457
QN70,0.012303158,0.012076469,0.015018029,0.01679424,0.011796581,0.009251356,0.014017257,0.015500442,0.010858694,0.014222165,0.023343259,0.037509092,0.057077741,0.039055595,0.04520986,0.052257629,0.045758433,0.024254703,0.020559664,0.019179387,0.022649485,0.020285933,0.018441447,0.018962421,0.020466235,0.019488252,0.021758871,0.022414631,0.022586749,0.023709443,0.018861316,0.016539716,0.019190866,0.022460136,0.020867768,0.01819998,0.018267389,0.018226553,0.01994923
QN71,0.013142186,0.010638237,0.0165119,0.015647263,0.010533887,0.009456139,0.011118181,0.012974794,0.01059368,0.010469834,0.016032236,0.028439865,0.038928993,0.029730811,0.044299757,0.044570428,0.033492685,0.020613011,0.021938453,0.020500406,0.021681753,0.018194639,0.019878718,0.017927777,0.018880016,0.021471795,0.016371851,0.01884008,0.021349713,0.020635303,0.017971504,0.015614903,0.01898071,0.017111905,0.021047462,0.020129688,0.018225291,0.024327479,0.024737777
QN72,0.013115394,0.013182899,0.014322488,0.016099932,0.010917849,0.011680762,0.020005201,0.019429985,0.013733106,0.011949147,0.01708341,0.028470538,0.045881166,0.031016332,0.043799092,0.042798845,0.040312945,0.023172915,0.021054229,0.01877487,0.024741257,0.023757725,0.020870599,0.019111632,0.019856164,0.024083933,0.022281204,0.025823508,0.025587146,0.023955847,0.019459092,0.01970096,0.022978882,0.024893436,0.019185223,0.019481388,0.018087621,0.015544251,0.021850148
QN76,0.014512564,0.012016417,0.016938,0.015128649,0.013015215,0.012401224,0.01892818,0.017443435,0.012003735,0.012514196,0.01535707,0.025663917,0.042901045,0.026421501,0.02937873,0.031847374,0.032486394,0.019341185,0.020183659,0.021283786,0.022823137,0.023209613,0.021588199,0.021342312,0.024873754,0.021040166,0.021353876,0.021282104,0.017461847,0.019553964,0.017657398,0.01867297,0.021650463,0.024233276,0.022515205,0.02096983,0.022681927,0.023182776,0.026274344
SI01,0.012556473,0.014168738,0.017870856,0.016659617,0.012767369,0.013787428,0.021206018,0.017069066,0.009273816,0.00975101,0.015354752,0.021231784,0.029636628,0.021950684,0.02709204,0.026535801,0.028941548,0.019315845,0.017707876,0.020148231,0.024977558,0.019442577,0.021196303,0.01746724,0.017187936,0.018790271,0.01974215,0.019510581,0.018701623,0.017212848,0.016086416,0.011648523,0.012863195,0.017512719,0.016553802,0.016411192,0.014595448,0.016507475,0.020595343
SI05,0.015258477,0.012571478,0.014199769,0.012624742,0.013971652,0.013926743,0.016308822,0.014698012,0.011258634,0.011345346,0.016934728,0.018946657,0.033099668,0.028218055,0.031962948,0.032646328,0.034689653,0.019193107,0.015510596,0.016175377,0.019180562,0.017605673,0.022141557,0.015300704,0.018745758,0.016865347,0.018180208,0.017253032,0.023150456,0.020080374,0.016302965,0.01252765,0.013455483,0.01698532,0.015499255,0.016299445,0.015180663,0.01386362,0.018502888
SI07,0.013234387,0.010826832,0.011545339,0.015999049,0.012162142,0.01131395,0.022755671,0.019495033,0.010190435,0.008331986,0.013765695,0.019606172,0.031472795,0.022270122,0.031451127,0.027657529,0.029250103,0.019133116,0.016094303,0.018870415,0.018959243,0.019408324,0.018434778,0.019819943,0.023963014,0.027484602,0.026686982,0.021558624,0.027093914,0.023654622,0.020968506,0.020571271,0.021340701,0.025375425,0.018879759,0.023748541,0.018124921,0.016556976,0.014498085
SI08,0.015751412,0.016682041,0.017920068,0.017435059,0.01399993,0.01798686,0.023230564,0.02252934,0.019108265,0.013525314,0.040645613,0.045166572,0.082208349,0.040177383,0.050818696,0.048851611,0.042851521,0.025280271,0.020764185,0.019321626,0.020196248,0.019455498,0.021412261,0.020897471,0.021330033,0.017789907,0.017694542,0.018845921,0.021460508,0.01737399,0.012662972,0.016325239,0.02097978,0.014894847,0.01854192,0.018717073,0.015622326,0.018340192,0.01890934
SI11,0.014500863,0.012553728,0.017043365,0.015089453,0.012956255,0.013029278,0.020589367,0.019873332,0.009914275,0.006465251,0.013870037,0.018230936,0.032401377,0.022905915,0.028812526,0.029275973,0.033765211,0.023382645,0.020239776,0.019880836,0.023482667,0.019883997,0.021725423,0.015029789,0.014200723,0.017668597,0.020455655,0.023073994,0.021870203,0.018473353,0.020189055,0.015635551,0.021658183,0.025090491,0.025330577,0.024357884,0.018809568,0.016945388,0.014287538
SI12,0.013879509,0.012360838,0.016987444,0.017266069,0.011454708,0.011939941,0.014299034,0.017789939,0.013434001,0.014177788,0.01668953,0.021667561,0.031904172,0.021018451,0.027703527,0.034562109,0.026683939,0.018872561,0.022729176,0.024769194,0.025057292,0.025361579,0.021432434,0.022433177,0.022707537,0.023325771,0.024258612,0.02317326,0.026365849,0.027514495,0.021316582,0.017368027,0.021531637,0.019600253,0.019513989,0.016509495,0.016767345,0.016425428,0.018170399
SI14,0.013809179,0.01278645,0.016629281,0.013301991,0.010691321,0.008569058,0.015534242,0.014057835,0.011415153,0.011597625,0.014700186,0.018648075,0.033048263,0.026314964,0.027035667,0.029868745,0.035469732,0.01841821,0.014272279,0.01891627,0.014812496,0.02061992,0.022918063,0.020329275,0.015816264,0.017155707,0.019428701,0.016715257,0.017693431,0.017128314,0.01716385,0.015576419,0.011091381,0.013567734,0.015203678,0.021079068,0.016112845,0.014581228,0.014464688
SI22,0.016586637,0.01307209,0.019217365,0.017382421,0.014708212,0.016905529,0.023026515,0.021238258,0.014548611,0.013230461,0.015838818,0.019813621,0.027625238,0.0254204,0.033028286,0.028572562,0.033420988,0.021951208,0.02043158,0.023574653,0.022199876,0.020279076,0.0220029,0.023741259,0.023237502,0.025343746,0.024683894,0.025154513,0.023371518,0.028132914,0.023746799,0.020821427,0.017317944,0.026245652,0.023124977,0.021590752,0.020109886,0.018702449,0.0227098
SI24,0.01893875,0.015492349,0.018598063,0.01661296,0.012987945,0.016250005,0.01837923,0.019737401,0.013847748,0.009504583,0.016988731,0.025378471,0.042601201,0.032848887,0.035950461,0.036291462,0.037586716,0.020115287,0.019137091,0.015887584,0.019810007,0.019665706,0.021285131,0.017944806,0.018831046,0.022475421,0.024372148,0.019826692,0.021897766,0.023377902,0.018740222,0.02083766,0.021670435,0.024848494,0.024267356,0.023154217,0.020971292,0.018720856,0.01735158
SI25,0.013057737,0.008237277,0.015772955,0.013273237,0.010733608,0.016459356,0.020491378,0.01992051,0.009669255,0.009027034,0.012518233,0.01571668,0.034334088,0.026566597,0.028205901,0.027018486,0.030415494,0.020744259,0.017884452,0.022545271,0.027224894,0.023311582,0.02551822,0.023076681,0.02262727,0.022789197,0.024626784,0.019772431,0.02424859,0.025070427,0.022418078,0.016219743,0.020024066,0.023965491,0.019307775,0.020143817,0.013987269,0.013421966,0.013708303
SI28,0.013783702,0.013552024,0.018138984,0.018365068,0.012560663,0.013091291,0.018496641,0.015751017,0.007538557,0.008595847,0.015378494,0.021584305,0.034151779,0.031035883,0.034290171,0.031043894,0.028693713,0.018445777,0.018318243,0.01709162,0.020181071,0.019542841,0.020129668,0.018781522,0.019928526,0.015692098,0.022765966,0.020794033,0.019938621,0.020517789,0.023090313,0.026955767,0.024888092,0.031607915,0.026105914,0.019561734,0.018731791,0.015630854,0.017806125
SI32,0.014199187,0.01260016,0.018308495,0.015958968,0.013954467,0.015429332,0.021772289,0.017490061,0.009492892,0.009703953,0.014913051,0.014633232,0.024720934,0.025026528,0.025871434,0.028127282,0.025450813,0.022247802,0.019984291,0.023025016,0.023026371,0.024723411,0.024549487,0.017897789,0.021867497,0.019176482,0.022673576,0.020350241,0.021508238,0.024578542,0.019368393,0.01751893,0.020091478,0.021680768,0.017472044,0.021862772,0.020755789,0.019882158,0.023402095
SI35,0.016064996,0.012036851,0.017015267,0.012608212,0.012724727,0.015487473,0.017612773,0.013580466,0.010557618,0.012667955,0.020041596,0.024198065,0.032906804,0.022997523,0.034335945,0.041351851,0.03295627,0.024458658,0.019205395,0.020055729,0.017490172,0.020213101,0.022953738,0.018814116,0.020513657,0.022703296,0.022202615,0.01765146,0.019159772,0.020191645,0.012634317,0.014793992,0.016274614,0.020942403,0.017428973,0.015664033,0.017208603,0.018570207,0.024189762
SI36,0.011027342,0.013864571,0.016041506,0.018346966,0.011824061,0.014187199,0.020070909,0.015938272,0.014539747,0.013675464,0.015627974,0.023953382,0.030543695,0.021830314,0.028218129,0.026486088,0.027525661,0.015722266,0.017478832,0.017019049,0.020623328,0.022405705,0.025906475,0.022759316,0.02189277,0.020799664,0.019055952,0.017088744,0.019141867,0.01871144,0.019586766,0.018339476,0.021052318,0.021565988,0.021158993,0.026171855,0.019660391,0.019079304,0.018284783
SI37,0.01479015,0.013063405,0.013795513,0.015332007,0.013838502,0.016194047,0.022554347,0.018018056,0.015921146,0.013679287,0.017699035,0.020402253,0.031095413,0.021248052,0.022342449,0.027407995,0.025704377,0.019003119,0.021361073,0.01741243,0.021641372,0.019686393,0.017854316,0.019490756,0.021621261,0.018902483,0.021540859,0.018322265,0.020312793,0.021804408,0.016890844,0.018697254,0.018894537,0.025321208,0.025605408,0.016954015,0.015835249,0.014494398,0.015671264
SI45,0.01241935,0.014361392,0.015196121,0.014327986,0.008908495,0.015456502,0.021810555,0.018147574,0.014663892,0.010886756,0.020368507,0.024804142,0.041477873,0.023677133,0.029631261,0.03034046,0.027998641,0.018577785,0.020361504,0.022448607,0.023340291,0.019706846,0.0216919,0.018580139,0.018033123,0.021391466,0.02387229,0.022413272,0.024519634,0.02326214,0.019706186,0.015234889,0.016030939,0.018191792,0.016485716,0.015845717,0.013763076,0.017389092,0.017397048
SI48,0.015630469,0.011167289,0.013824275,0.015288247,0.010943062,0.010453924,0.016811102,0.018201832,0.009901323,0.009109242,0.014435177,0.018614211,0.031179457,0.021994714,0.025768998,0.025143003,0.022073271,0.017542604,0.020768383,0.019947235,0.023400898,0.020361496,0.021247777,0.022924563,0.024253269,0.021046469,0.021108685,0.01939127,0.020847026,0.022969028,0.021424222,0.021303141,0.020393514,0.025623362,0.025918592,0.025668006,0.02122021,0.022866231,0.022228909
SI54,0.012596171,0.011451633,0.015716307,0.016258532,0.011469566,0.013138212,0.015154916,0.015599523,0.008617562,0.009705916,0.01464655,0.017939581,0.031125538,0.023766675,0.027485933,0.027808657,0.026100027,0.020288934,0.015137853,0.020663948,0.022300906,0.022863336,0.021616358,0.019387261,0.020062706,0.017785524,0.023387589,0.022149178,0.022991678,0.025881731,0.020961164,0.020177732,0.022475328,0.022938227,0.022110159,0.018510325,0.014558665,0.014506023,0.014895491