value,value,value,value,value,value,value,value,value,value,value,value,value,value,pop_away,pop_away,pop_away,pop_away,pop_away,pop_away,pop_away,pop_away,pop_away,pop_away,pop_away,pop_away,pop_away,pop_away
9,10,11,12,13,14,15,16,17,18,19,20,21,22,9,10,11,12,13,14,15,16,17,18,19,20,21,22
0.010635099,0.026175505,0.088480723,0.183775752,0.171678583,0.175853681,0.164922133,0.157755255,0.11203852,0.032264417,0.023563161,0.044416529,0.045888857,0.018018018,257.0290657,632.6096048,2138.40212,4441.492381,4149.128004,4250.031766,3985.8381,3812.629006,2707.746958,779.7664404,569.474475,1073.458666,1109.041903,62.20849415
0.014462066,0.015149136,0.022253668,0.037370016,0.033258514,0.030446429,0.035171817,0.031233637,0.026065308,0.018637921,0.020631423,0.020685319,0.024181091,0.022535211,949.159863,994.2529636,1460.530503,2452.631529,2182.789504,1998.229572,2308.361531,2049.89483,1710.692201,1223.225384,1354.060904,1357.598171,1587.029212,211.286919
0.013623656,0.016579534,0.023022967,0.036831407,0.034775241,0.030311747,0.038988541,0.036055743,0.032112321,0.017574221,0.018138733,0.01923245,0.021380755,0.021296735,469.0760899,570.8499204,792.703762,1268.142174,1197.346313,1043.663756,1342.41444,1241.435287,1105.659315,605.0979934,624.5347307,662.1924761,736.1607902,104.7525547
0.015254391,0.017192145,0.029264312,0.044045874,0.036850117,0.032703994,0.040386565,0.041122412,0.032008785,0.024097399,0.031604977,0.029411707,0.032321555,0.030092593,492.0914039,554.6014009,944.0374362,1420.875863,1188.747924,1054.998133,1302.83021,1326.567889,1032.571386,777.3579897,1019.544944,948.7922469,1042.661034,138.6795654
0.017406209,0.017415818,0.027571998,0.055631579,0.060380547,0.055280774,0.072870001,0.068907239,0.047689711,0.033362572,0.028143771,0.032309819,0.02977303,0.026651217,291.971757,292.1329311,462.4926921,933.164099,1012.823291,927.2797031,1222.321399,1155.850032,799.9472171,559.6237779,472.0836124,541.9649015,499.4128052,63.86393057
0.009475676,0.014286726,0.023812447,0.044249091,0.043745989,0.046169253,0.043520044,0.044808801,0.039802926,0.024263607,0.029114336,0.034882401,0.044514966,0.035079929,426.4717562,643.0026707,1071.726802,1991.518819,1968.875746,2077.939576,1958.706601,2016.7097,1791.410278,1092.03218,1310.348933,1569.952215,2003.485081,225.5489092
0.011681481,0.012033943,0.019973702,0.033849852,0.038324126,0.037475169,0.03801747,0.040229002,0.03037625,0.02107733,0.022506295,0.022781962,0.028484988,0.025867137,357.3014462,368.0822233,610.93561,1035.36541,1172.220051,1146.252999,1162.840355,1230.48448,929.1183588,644.6922883,688.4000539,696.8318848,871.2703323,113.0283028
0.012220996,0.013954229,0.020633389,0.039215886,0.031275872,0.029726826,0.032064109,0.033185335,0.027981273,0.015227285,0.019651713,0.020244957,0.022755954,0.02178122,403.5372879,460.7686557,681.3145001,1294.908551,1032.729279,981.5798087,1058.756879,1095.779752,923.9416486,502.8049507,648.8995774,668.4884849,751.4015964,102.7451263
0.009846685,0.012172454,0.018114883,0.033865242,0.029548056,0.025089062,0.028556053,0.027147617,0.024244095,0.015425223,0.018679287,0.018825941,0.021429957,0.018218218,894.5417792,1105.830929,1645.682802,3076.555653,2684.352243,2279.266054,2594.231747,2466.279575,2202.503311,1401.335234,1696.95716,1710.280301,1946.84733,236.4386358
0.016054696,0.016243749,0.023134246,0.035577316,0.031345135,0.028181054,0.028742527,0.032344596,0.028741872,0.018868276,0.019089033,0.019570154,0.022215828,0.020997375,1051.614669,1063.998075,1515.339353,2330.385381,2053.169033,1845.915399,1882.693022,2118.635737,1882.650081,1235.909843,1250.36983,1281.884246,1455.181156,196.4814367
0.010068708,0.013426708,0.022026208,0.037621402,0.033035984,0.027658696,0.033567615,0.034407262,0.027170135,0.018793019,0.017812836,0.017957256,0.021364879,0.019167835,441.895463,589.2713419,966.6862104,1651.128072,1449.883247,1213.884863,1473.215506,1510.065908,1192.442866,824.7879991,781.7697589,788.1080513,937.6618096,120.1768489
0.010444485,0.01168368,0.02151301,0.037660002,0.036295998,0.033967108,0.038989507,0.037296956,0.031595097,0.022088249,0.021713787,0.026413093,0.030225646,0.025791624,827.0673998,925.1955908,1703.550712,2982.182567,2874.171205,2689.753415,3087.462091,2953.434089,2501.920924,1749.102151,1719.449617,2091.573584,2393.47823,291.7659042
0.012159144,0.01508831,0.021885902,0.038919579,0.034696159,0.033003575,0.037698156,0.041512,0.03199887,0.020657563,0.019097367,0.026702641,0.025149401,0.024684271,664.7039172,824.8326193,1196.436612,2127.616649,1896.734908,1804.206411,2060.845094,2269.33652,1749.282203,1129.28702,1043.99577,1459.753276,1374.842289,192.7735775
0.009450669,0.015656818,0.033269833,0.0678037,0.057026068,0.050514294,0.058324778,0.058688832,0.052479455,0.031968147,0.037578723,0.032695531,0.033218143,0.021276596,413.6179732,685.2363028,1456.087511,2967.496753,2495.802873,2210.808597,2552.642228,2568.575434,2296.81584,1399.11794,1644.67041,1430.95261,1453.825253,133.0273572
0.011890182,0.020556223,0.029730951,0.056658788,0.045992475,0.032611808,0.033391599,0.03487848,0.027685858,0.013626996,0.016859378,0.013394805,0.016211811,0.017213771,788.8897859,1363.864265,1972.589127,3759.197295,3051.508741,2163.728218,2215.465791,2314.117391,1836.901297,904.1239401,1118.586031,888.7185316,1075.621227,163.1570398
0.012077477,0.014076794,0.024177743,0.048186502,0.038651821,0.038262696,0.040504361,0.039919755,0.03101236,0.017225015,0.021656757,0.02507984,0.025015759,0.020591539,836.4860273,974.9587228,1674.55046,3337.397158,2677.025113,2650.074315,2805.332073,2764.842241,2147.916083,1193.004509,1499.94701,1737.029728,1732.591488,203.7385702
0.010740917,0.015288403,0.03705583,0.067743144,0.06504285,0.068527699,0.077983332,0.07445813,0.055897036,0.0220879,0.023234641,0.027736103,0.035493663,0.019876628,802.6794577,1142.517655,2769.219221,5062.512884,4860.717213,5121.143495,5827.772373,5564.330524,4177.241429,1650.650876,1736.347946,2072.746703,2652.476962,212.200041
0.015979937,0.022485147,0.048272467,0.086025193,0.07150174,0.064731787,0.072175684,0.07615144,0.052305926,0.025720427,0.029628491,0.029849437,0.036431086,0.027216174,728.7969737,1025.48008,2201.562396,3923.350984,3260.979856,2952.222597,3291.716427,3473.038744,2385.516348,1173.031501,1351.266569,1361.34328,1661.512546,177.3211497
0.014937044,0.018325684,0.030385574,0.054271986,0.045887097,0.037648406,0.051416882,0.04885658,0.045122673,0.02631208,0.024618272,0.026711891,0.028115684,0.028192371,341.0425984,418.4120138,693.7634158,1239.137975,1047.694199,859.5884123,1173.950243,1115.493438,1030.24088,600.7574171,562.0843765,609.8858855,641.9372971,91.95545924
0.010929367,0.010969296,0.018115915,0.030094786,0.032722737,0.035883592,0.040430881,0.035390491,0.027190468,0.020497901,0.023401888,0.023219286,0.027484158,0.019323671,388.1018222,389.5196959,643.2961417,1068.665841,1161.984391,1274.226367,1435.7006,1256.716335,965.5335238,727.8804797,831.001048,824.516856,975.9624354,98.02622246
0.01129802,0.013902707,0.024854029,0.039140027,0.036866567,0.035496133,0.036055181,0.036038997,0.033022433,0.018657709,0.020153458,0.021935296,0.025351995,0.025167336,1207.566241,1485.962986,2656.473151,4183.403475,3940.409281,3793.933138,3853.685926,3851.956086,3529.536706,1994.191865,2154.062021,2344.510242,2709.697282,384.2800534
0.012558877,0.015857682,0.020842334,0.038374825,0.037798782,0.040039281,0.041003931,0.03703976,0.033936944,0.021913268,0.025112947,0.025149871,0.032023077,0.024886878,686.1793548,866.4161948,1138.762611,2096.685306,2065.212052,2187.62618,2240.331762,2023.741359,1854.212794,1197.2752,1372.096062,1374.113502,1749.644835,194.2491933
0.010130829,0.010598434,0.01723205,0.032018259,0.034203234,0.036378897,0.0400242,0.040315479,0.03492457,0.019300504,0.022837716,0.022047487,0.031774917,0.026828213,414.9385059,434.0906656,705.7903156,1311.403835,1400.896058,1490.006863,1639.311189,1651.241383,1430.440538,790.5100428,935.3871602,903.0209608,1301.437039,156.9757069
0.010060249,0.010431986,0.017996416,0.034846473,0.03271951,0.033698382,0.036254982,0.033863754,0.027989246,0.018929176,0.02049776,0.022528044,0.025624259,0.026345934,480.1354233,497.8769502,858.8969637,1663.082757,1561.571355,1608.288993,1730.305257,1616.18153,1335.814755,903.413847,978.2761142,1075.173428,1222.943405,179.626578
0.0097754,0.017712095,0.024400018,0.05087468,0.041174285,0.055436261,0.061695501,0.051720684,0.04464679,0.027949649,0.031911446,0.035055538,0.054633272,0.04180791,202.1943825,366.35697,504.6899634,1052.291875,851.6489168,1146.643625,1276.10974,1069.790631,923.4742044,578.1105488,660.0563579,725.088745,1130.034607,123.5364015
0.010710266,0.012677937,0.021647918,0.030818392,0.02590991,0.023479835,0.028645935,0.028085553,0.026672574,0.017619595,0.020800522,0.0223805,0.022885114,0.025212182,948.0941542,1122.276339,1916.316972,2728.105671,2293.597015,2078.481929,2535.79542,2486.189361,2361.10957,1559.721827,1841.303783,1981.166608,2025.836074,318.8332536
0.00998589,0.011718554,0.019608482,0.029286007,0.02729134,0.027858434,0.029913715,0.035147453,0.029055295,0.019590911,0.019344314,0.020389414,0.02514192,0.025032938,720.8414555,845.91557,1415.457882,2114.039701,1970.052659,2010.988927,2159.351441,2537.154073,2097.385504,1414.189471,1396.38864,1471.83026,1814.894616,258.1468089
0.012571958,0.014701264,0.026078824,0.0421821,0.040004316,0.038904348,0.044010916,0.042054914,0.038381952,0.022932714,0.027187201,0.026168485,0.029454662,0.026328162,868.8605597,1016.019066,1802.333605,2915.247143,2764.738303,2688.718414,3041.638386,2906.457142,2652.615055,1584.902817,1878.934648,1808.530187,2035.641155,259.9379434
0.01235599,0.013786496,0.026022236,0.038263578,0.03740349,0.037763545,0.043611697,0.040113919,0.036187634,0.019534017,0.022900816,0.022914291,0.024600607,0.024908233,1358.998272,1516.335336,2862.107687,4208.496122,4113.897623,4153.499008,4796.719765,4412.009562,3980.169254,2148.487881,2518.792002,2520.274109,2705.746946,391.3688319
0.009491179,0.013270237,0.024231418,0.03677567,0.038651805,0.040767671,0.047986408,0.037835925,0.035438381,0.019907366,0.022671377,0.022135105,0.025183097,0.034621578,383.9276933,536.7943453,980.1850722,1487.612621,1563.504164,1649.093077,1941.09819,1530.50102,1433.517932,805.2728563,917.0798595,895.3871497,1018.681457,200.0682074
0.010772032,0.010989532,0.030114633,0.061029651,0.059760672,0.056108108,0.063078035,0.06112814,0.048634245,0.035197522,0.028169357,0.025878549,0.03217987,0.018735363,228.7656406,233.3846881,639.544461,1296.086704,1269.137385,1191.56789,1339.588238,1298.178318,1032.845467,747.4897686,598.2326255,549.5827451,683.4038992,56.84041486
0.01478214,0.019924395,0.038439637,0.071288503,0.056890021,0.051143511,0.054494972,0.054814401,0.042810451,0.025389036,0.028118724,0.034472955,0.030865222,0.038461538,475.8814284,641.4260574,1237.48722,2294.990763,1831.460437,1646.46305,1754.356643,1764.640007,1378.19684,817.3492405,905.2260955,1109.78785,993.6440826,176.8846133
0.013684355,0.018253596,0.058045268,0.098427889,0.103850164,0.101470838,0.100283265,0.103795449,0.075516835,0.024766502,0.026848562,0.029329022,0.03037766,0.031213873,532.7319402,710.6124812,2259.702289,3831.797719,4042.886896,3950.259723,3904.027518,4040.75683,2939.870375,964.1599395,1045.214513,1141.778815,1182.602298,173.5937251
0.013312462,0.012379533,0.024245865,0.026863143,0.035173678,0.040879908,0.04447445,0.033230218,0.027301312,0.022268728,0.022702845,0.032098015,0.031460799,0.025531915,457.5892711,425.5216878,833.4031127,923.3668192,1209.024844,1405.165088,1528.72026,1142.222269,938.4279974,765.4429826,780.3648863,1103.305075,1081.402044,125.3726449
0.013173101,0.018848197,0.044823318,0.079089271,0.069537989,0.061690075,0.066431394,0.068473301,0.049621748,0.024147733,0.022793905,0.025780317,0.032309395,0.019984013,751.3409723,1075.025748,2556.542749,4510.935636,3966.168741,3518.555134,3788.98098,3905.44322,2830.226011,1377.290116,1300.073141,1470.406136,1842.79867,162.8297379
0.012573425,0.014304555,0.026754933,0.045984681,0.040555996,0.041104052,0.041845354,0.04233207,0.037002861,0.02494203,0.029441997,0.029353173,0.032589661,0.021186441,978.8034382,1113.566704,2082.791236,3579.769484,3157.162632,3199.827103,3257.535262,3295.424642,2880.561731,1941.662232,2291.971107,2285.056436,2537.007318,235.6144104
0.009986686,0.013920982,0.032389568,0.0655139,0.055445713,0.062073902,0.06657608,0.060071554,0.056624656,0.02691314,0.022097687,0.022660713,0.023770028,0.013033175,338.7284157,472.1718772,1098.589358,2222.100475,1880.607698,2105.422598,2258.127477,2037.506954,1920.595092,912.8398971,749.5093574,768.6060587,806.2318145,63.15131852
0.010313342,0.013711704,0.026179071,0.052811141,0.043511751,0.044207285,0.050236069,0.042557281,0.03816469,0.015984246,0.018028711,0.023197539,0.022905186,0.027795325,588.3864581,782.2664249,1493.542171,3012.928397,2482.388882,2522.069817,2866.017981,2427.935455,2177.333745,911.9172104,1028.556008,1323.442806,1306.763766,226.5358695
0.01415878,0.017495034,0.029019193,0.048541509,0.040365648,0.043344325,0.045257037,0.046188076,0.041233945,0.026298004,0.028296722,0.03054353,0.031798203,0.036651584,1032.529011,1275.825365,2116.224618,3539.889513,2943.664891,3160.884901,3300.369423,3368.265411,3006.985408,1917.781931,2063.538462,2227.386936,2318.883964,381.8309662
0.013893665,0.015427171,0.022296437,0.030705732,0.029665639,0.031779046,0.037395701,0.035202438,0.031546307,0.018012772,0.02272535,0.022335446,0.027953927,0.021305842,497.6432776,552.570416,798.6137753,1099.817909,1062.563873,1138.261875,1339.439224,1260.88094,1129.925614,645.1814675,813.9766017,800.0110048,1001.253773,109.0189498
0.011350449,0.013763806,0.024510729,0.035492925,0.031287228,0.029666135,0.039659032,0.040806732,0.036511748,0.023884197,0.02843627,0.027623766,0.029135115,0.021059559,592.1983485,718.1127919,1278.822752,1851.807869,1632.379849,1547.800927,2069.17035,2129.050428,1904.963963,1246.134102,1483.633929,1441.24236,1520.095505,156.9659188
0.011506814,0.015384145,0.020764859,0.033217453,0.026251701,0.026052224,0.032082407,0.031441377,0.027539814,0.019519173,0.022973966,0.022056076,0.024514455,0.0203383,1113.34183,1488.492949,2009.103919,3213.954637,2539.983303,2520.682892,3104.133331,3042.110459,2664.614745,1888.57757,2222.846094,2134.035592,2371.896066,281.1188881
0.011349347,0.013612115,0.0231282,0.035000654,0.02567994,0.025992588,0.032629852,0.032935843,0.028081772,0.018058719,0.020059191,0.020067528,0.023198371,0.023433243,556.8330049,667.8511842,1134.738856,1717.237108,1259.934896,1275.274352,1600.918422,1615.931251,1377.775973,886.0149303,984.1641091,984.5731263,1138.181669,164.2436002
0.010447945,0.012101316,0.022014608,0.038863405,0.031146949,0.026823856,0.035666782,0.037518621,0.030691544,0.021506051,0.019536773,0.019664372,0.021766592,0.023168103,303.6486172,351.7005345,639.8105398,1129.487131,905.2237746,779.5817145,1036.583698,1090.403678,891.9883474,625.0303644,567.797242,571.5056393,632.6024633,96.19065393
0.00916936,0.014193035,0.019407816,0.040264138,0.037500883,0.043155042,0.04849613,0.042081534,0.036692217,0.022735741,0.025264423,0.024391678,0.027633962,0.022999521,939.8044278,1454.7009,1989.184649,4126.832604,3843.615473,4423.132831,4970.562304,4313.10479,3760.732089,2330.277023,2589.451742,2500.000645,2832.315287,336.7589865
0.013755351,0.017629338,0.033329837,0.059984002,0.048662157,0.053069252,0.057921824,0.058409557,0.048715424,0.025341765,0.030725803,0.030635161,0.027580005,0.019305019,495.7153496,635.3260725,1201.140681,2161.70348,1753.686799,1912.509719,2087.386709,2104.96362,1755.60646,913.2665116,1107.296504,1104.029922,993.9282253,99.38775353
0.013480145,0.015210882,0.025991132,0.032597995,0.029770822,0.029371801,0.032099756,0.032696615,0.027186993,0.02133137,0.023570333,0.022029812,0.027841648,0.022749274,699.9160664,789.7794078,1349.511578,1692.553082,1545.76062,1525.042652,1666.683516,1697.673622,1411.603043,1107.567386,1223.818852,1143.831884,1445.594047,168.7411149
0.009463494,0.01182546,0.022597025,0.032848521,0.034127817,0.032676659,0.037904148,0.046758398,0.035758514,0.023403632,0.027666371,0.026106385,0.02450446,0.023584906,122.6090246,153.2106561,292.7670578,425.5854381,442.1599971,423.3587903,491.0861415,605.8018082,463.2873129,303.2174599,358.4455064,338.2343185,317.4797782,43.65229173
0.006722727,0.01147027,0.016565837,0.030688741,0.026818132,0.028168051,0.030325478,0.029084906,0.025295241,0.014909229,0.016704951,0.018399208,0.017318101,0.009631728,192.8683149,329.0705801,475.2573018,880.4293028,769.3853808,808.113211,870.007626,834.4168764,725.6951813,427.730879,479.2483351,527.8548906,496.8389914,39.47494923
0.011431025,0.01680191,0.021585139,0.03842534,0.028272,0.028573931,0.030548966,0.031307292,0.031804162,0.021030607,0.023048786,0.021589529,0.025411616,0.024313372,624.8884127,918.4932277,1179.973201,2100.559613,1545.517144,1562.022528,1669.989752,1711.444401,1738.606304,1149.659154,1259.984951,1180.213192,1389.151392,189.873542
0.014650299,0.011707417,0.020750008,0.035193223,0.027334285,0.030012187,0.031397047,0.030484735,0.029468289,0.021948714,0.022795838,0.022208814,0.019096388,0.012130402,520.9646426,416.3157638,737.8702997,1251.471015,972.0071644,1067.233365,1116.479001,1084.037166,1047.892352,780.4962749,810.6200044,789.7454411,679.0675471,61.62244216
0.012031575,0.013562495,0.019363003,0.029754935,0.027248814,0.028068172,0.033014254,0.026261579,0.028337097,0.019584717,0.023476556,0.017367592,0.019777524,0.018319646,455.8402874,513.8422481,733.6060784,1127.325222,1032.3758,1063.418838,1250.811041,994.972449,1073.607589,742.006173,889.4562826,658.0059743,749.311041,99.15377543
0.010625489,0.014802625,0.021168128,0.036514636,0.031506228,0.030529907,0.031979289,0.030708719,0.030398042,0.01717811,0.020426683,0.017798664,0.016919248,0.021910605,612.931333,853.8894231,1221.083472,2106.346786,1817.436737,1761.117694,1844.725294,1771.432447,1753.511061,990.9192506,1178.313234,1026.715941,975.9868291,180.5590356
0.010519149,0.039805337,0.063193537,0.105263467,0.083566047,0.060247359,0.067277874,0.076969181,0.056478909,0.017297773,0.021116462,0.026306834,0.020539723,0.012345679,306.2650273,1158.932374,1839.87983,3064.745854,2433.025458,1754.101849,1958.795314,2240.957701,1644.383448,503.6246651,614.8058036,765.9234802,598.0140476,51.3492063
0.011309604,0.016667143,0.024754948,0.036167371,0.035042806,0.03220716,0.037269338,0.032791592,0.028150625,0.022068046,0.026294701,0.02546562,0.027169043,0.014001474,445.8585016,657.0687729,975.9143263,1425.826267,1381.492552,1269.702869,1469.269095,1292.742943,1109.782089,869.9885606,1036.615998,1003.931149,1071.085193,78.85430136
0.011047505,0.009552933,0.020103493,0.031549269,0.024369984,0.028824126,0.030961582,0.029350674,0.028426274,0.021076517,0.023017551,0.024326199,0.024661569,0.026666667,397.8648502,344.0393136,724.0071918,1136.215374,877.6606089,1038.072089,1115.050414,1057.035158,1023.743816,759.0496781,828.9540869,876.0837256,888.1617408,137.1961922
0.011250584,0.013263126,0.022596111,0.034556622,0.026187992,0.03143403,0.034738005,0.033578504,0.03026334,0.020738641,0.022051304,0.026453737,0.024958228,0.023730225,617.9383105,728.4771877,1241.091412,1898.022487,1438.375445,1726.514098,1907.984917,1844.299348,1662.213934,1139.069833,1211.167888,1452.971497,1370.830696,186.1975154
0.008776305,0.015365915,0.014593098,0.028394956,0.021373791,0.022318366,0.026534741,0.02871773,0.019607845,0.017234433,0.015315389,0.017461172,0.018804126,0.016498625,235.880761,412.9896898,392.2186911,763.1712209,574.463373,599.8507153,713.1742377,771.8464215,527.0000385,463.2098442,411.6317217,469.3039122,505.3984983,63.34764916
0.012315473,0.013640042,0.019742094,0.035084781,0.029223829,0.025034201,0.034888459,0.029047533,0.025058534,0.024070734,0.025592082,0.027392936,0.035447866,0.026104418,583.7533999,646.5379976,935.7752488,1663.018599,1385.209508,1186.621141,1653.71295,1376.853064,1187.774532,1140.952812,1213.064687,1298.425166,1680.228835,176.7642019
0.012865196,0.014813175,0.021221992,0.034828243,0.032343942,0.029148697,0.034273412,0.033853383,0.028472419,0.022147239,0.023247202,0.026575649,0.029064142,0.019490851,834.3079421,960.6343988,1376.246209,2258.611531,2097.504611,1890.29301,2222.63075,2195.391915,1846.4364,1436.248431,1507.581022,1723.430865,1884.809618,180.5688125
0.013546546,0.013028543,0.023568586,0.041380342,0.035875946,0.036447549,0.041868671,0.041870626,0.034157376,0.024245038,0.030326695,0.02619065,0.025572324,0.026809651,596.8201645,573.9985001,1038.361212,1823.093746,1580.586566,1605.769673,1844.608057,1844.694157,1504.871521,1068.163627,1336.103195,1153.88148,1126.639878,168.7361134
0.009833988,0.040861813,0.070598984,0.129622751,0.098998029,0.066438472,0.076824754,0.077342565,0.05434533,0.019159698,0.01918049,0.02016436,0.024417879,0.026819923,270.9362152,1125.78381,1945.072612,3571.236417,2727.494689,1830.446346,2116.598805,2130.86502,1497.268187,527.8688396,528.4416839,555.5482942,672.7369961,105.5593855
0.009959838,0.012484943,0.024895459,0.037587204,0.031215092,0.03089002,0.034455098,0.032805142,0.024500249,0.018560003,0.022393939,0.027849562,0.030832811,0.027045301,389.8280537,488.6606634,974.4082485,1471.163176,1221.75869,1209.035377,1348.572541,1283.993269,958.9397403,726.4385174,876.4987892,1090.031862,1206.796239,151.2218687
0.00995254,0.013985999,0.019140733,0.031189685,0.03097509,0.033221672,0.04030033,0.033461947,0.028588597,0.020941726,0.019301251,0.026052798,0.024302466,0.020318021,260.7167378,366.3772335,501.4106454,817.0449808,811.4234539,870.2749085,1055.707445,876.5691561,748.9068982,548.589458,505.6155637,682.4790927,636.6274106,76.03583973
0.01564894,0.017320732,0.023606701,0.034110161,0.031535888,0.029061794,0.036288664,0.035713173,0.030356022,0.020839889,0.021426446,0.023984994,0.024285915,0.026060606,797.0787662,882.231499,1202.407308,1737.401072,1606.280433,1480.262456,1848.363079,1819.050474,1546.183981,1061.479761,1091.356034,1221.675677,1237.003081,189.6281381
0.011814507,0.018437728,0.031491618,0.049359672,0.04239124,0.040539657,0.040785087,0.048019375,0.04137367,0.022253571,0.026298094,0.029137155,0.028951911,0.028084253,369.7349876,577.0086933,985.5301853,1544.710944,1326.633842,1268.688552,1276.369302,1502.766332,1294.788989,696.4255179,822.9988428,911.8472702,906.0500547,125.5566711
0.009195545,0.011789147,0.01716717,0.025590399,0.02731285,0.026690749,0.032002208,0.031226472,0.026094032,0.028490383,0.023316575,0.020104444,0.025979688,0.023166023,295.7563092,379.1743487,552.1476933,823.0639984,878.4631854,858.4545509,1029.28702,1004.337024,839.262365,916.3361976,749.9310063,646.619237,835.584696,106.4412568
0.011579786,0.014350038,0.021838955,0.026072308,0.025519192,0.022385549,0.02622427,0.025539537,0.025197201,0.019871555,0.021387421,0.022671925,0.021789726,0.016405667,370.4720889,459.1007657,698.6936827,834.1313361,816.4355188,716.18086,838.9930793,817.0864072,806.1340607,635.7506454,684.2477509,725.3429102,697.1186902,74.98092919
0.01038081,0.015396317,0.021709934,0.040224607,0.031295112,0.033518114,0.040293029,0.03756227,0.028919618,0.020986646,0.01831922,0.022729438,0.020513378,0.02112104,289.2508938,429.0029729,604.925601,1120.818461,872.0070087,933.9487365,1122.72496,1046.635087,805.8162479,584.7719002,510.446758,633.3330604,571.5847726,84.07380837
0.011423615,0.014313393,0.023368796,0.037631041,0.029788138,0.029829115,0.038548648,0.035746916,0.035270317,0.021435156,0.025356067,0.025940536,0.024661418,0.014084507,489.8674646,613.7869125,1002.10071,1613.694294,1277.374928,1279.132109,1653.043124,1532.899258,1512.461746,919.1823535,1087.318865,1112.382053,1057.530933,86.28168988
0.012558846,0.012409748,0.024016622,0.029482173,0.026433861,0.031692956,0.034059457,0.032846648,0.028377712,0.02148663,0.021403233,0.02386037,0.02608976,0.022012579,513.9707609,507.8689369,982.8802554,1206.557936,1081.805779,1297.034236,1393.883289,1344.249081,1161.357852,879.3403503,875.9273281,976.4856247,1067.723434,128.6949708
0.012782192,0.013635825,0.021433202,0.031696466,0.028213091,0.023998084,0.030801329,0.031396665,0.026490366,0.022763483,0.022055528,0.026623345,0.028590664,0.027667984,719.5479182,767.6014887,1206.539248,1784.289144,1588.199532,1350.924159,1733.899221,1767.412455,1491.222149,1281.424773,1241.571846,1498.70796,1609.454232,222.5019748
0.011528482,0.0101124,0.020900233,0.030374698,0.027688938,0.027170507,0.032180487,0.031235763,0.028288062,0.017994902,0.019428083,0.021868411,0.022064271,0.016,334.3721044,293.3000496,606.1903621,880.9877284,803.0899536,788.0533933,933.3628408,905.9620825,820.4669378,521.9241252,563.4921152,634.2713968,639.9521244,66.29485714
0.012083815,0.015258484,0.023413854,0.034502953,0.034282728,0.035434816,0.040150488,0.034898027,0.029317397,0.017707808,0.02253103,0.024603099,0.025433924,0.022783761,654.4956951,826.4452766,1268.164559,1868.783459,1856.855389,1919.255931,2174.670905,1890.18186,1587.918197,959.1080279,1220.348178,1332.577674,1377.57761,176.2909781
0.010702208,0.012679679,0.021275834,0.034425328,0.033242126,0.024638507,0.026729364,0.02557498,0.020697561,0.017695281,0.023448066,0.022657476,0.02065118,0.033530572,301.4169821,357.1104794,599.2125928,969.5549297,936.2312367,693.9189031,752.8058157,720.2937407,582.926112,498.3699021,660.3913389,638.125146,581.6198456,134.9078614
0.008111023,0.012153181,0.019341643,0.029172943,0.024840609,0.026437407,0.026519992,0.028027095,0.025552303,0.017701357,0.021702132,0.020744895,0.0267677,0.022666667,431.4901788,646.524938,1028.93674,1551.942229,1321.47071,1406.4172,1410.810542,1490.985415,1359.331423,941.6768049,1154.510026,1103.586947,1423.988112,172.260193
0.01479818,0.013075162,0.024164301,0.035885862,0.030329569,0.032982324,0.042147279,0.037220775,0.032577926,0.023499343,0.026972404,0.021613346,0.022068318,0.032601881,624.8827529,552.1248537,1020.38592,1515.352295,1280.726722,1392.744577,1779.753156,1571.721678,1375.668069,992.3067569,1138.96371,912.6667434,931.8788521,196.6685184
0.012780043,0.014394377,0.021140831,0.038288472,0.031579818,0.029711401,0.029373719,0.028055928,0.024401098,0.020765304,0.01861033,0.019039612,0.020017121,0.021853501,851.2275536,958.7518459,1408.10619,2550.241966,2103.405367,1978.957546,1956.465956,1868.693112,1625.259543,1383.093848,1239.55963,1268.152397,1333.26039,207.9391839
0.015811222,0.018928779,0.02906436,0.044366016,0.036576731,0.036803324,0.039364842,0.037178334,0.031763792,0.026257976,0.030023717,0.03017779,0.030549858,0.025232404,480.2184216,574.9048628,882.7427463,1347.484647,1110.908483,1117.790565,1195.588986,1129.180365,964.7298906,797.5072557,911.8803284,916.5598379,927.8602742,109.4797963
0.009456566,0.011825671,0.020978308,0.035797567,0.036741068,0.033412074,0.042260125,0.033288542,0.03107809,0.020060621,0.026739427,0.022692934,0.024162623,0.030405405,273.4176886,341.9156132,606.5458192,1035.015063,1062.294507,966.0433038,1221.866982,962.4716025,898.5608203,580.012735,773.117057,656.120809,698.6139188,125.5873535
0.013962193,0.013188871,0.027655213,0.053797278,0.042884953,0.035936741,0.042822729,0.038990913,0.029231687,0.016775346,0.01603426,0.020890944,0.020948308,0.023974427,653.5702744,617.3710649,1294.540541,2518.250597,2007.444643,1682.198833,2004.531924,1825.164617,1368.335282,785.2539663,750.5636972,977.9051087,980.5903175,160.3204183
0.012062098,0.013631355,0.02409017,0.034100486,0.028414323,0.02711099,0.032290502,0.028277715,0.026688131,0.019359072,0.024536421,0.021882848,0.019228073,0.025249169,447.8657093,506.1322111,894.4680227,1266.151045,1055.023808,1006.631069,1198.946355,1049.951553,990.9302881,718.8023381,911.0373011,812.5101409,713.9383452,133.9288064
0.012381136,0.015421664,0.019780939,0.037082107,0.036743353,0.028907997,0.035225139,0.031275993,0.028723479,0.021782462,0.024892807,0.024545839,0.02371821,0.023166023,350.4108989,436.4639386,559.8401315,1049.4978,1039.910364,818.1541432,996.9418718,885.173166,812.9319067,616.4872517,704.5162116,694.6963232,671.2727835,93.66354042
0.012728843,0.016667376,0.023868186,0.039081536,0.030808633,0.02916686,0.030038584,0.025347801,0.026664412,0.022323362,0.018865815,0.024340198,0.023191077,0.027994792,558.2615775,730.9977578,1046.810889,1714.038025,1351.205026,1279.200152,1317.432205,1111.703875,1169.447794,979.0580231,827.4169331,1067.51241,1017.114243,175.3993696
0.014370744,0.014375597,0.020782688,0.031170385,0.025854548,0.022187971,0.026572736,0.026584281,0.027084749,0.015368331,0.018936384,0.01784914,0.022828202,0.020532741,547.2522859,547.4371257,791.425558,1186.999437,984.5670261,844.9401128,1011.916349,1012.355994,1031.414338,585.2414291,721.1164391,679.713084,869.3207495,111.7010443
0.013804757,0.011741494,0.020597906,0.034958576,0.022525485,0.025939009,0.032096899,0.031028264,0.026576132,0.018046083,0.023557306,0.022002047,0.024526255,0.018461538,305.1265408,259.5222482,455.2755163,772.6894053,497.8807918,573.3299096,709.4377681,685.8177223,587.4122393,398.8725631,520.687144,486.3112448,542.1038237,58.29362492
0.009513222,0.016567362,0.026846042,0.044669934,0.040632243,0.038241886,0.042577882,0.03856309,0.032509074,0.022515838,0.024494195,0.028312701,0.023729757,0.022762951,503.4587196,876.7779469,1420.746242,2364.022262,2150.339587,2023.837083,2253.306649,2040.835857,1720.445214,1191.583179,1296.281788,1498.364785,1255.826223,172.0944133
0.012187757,0.012940791,0.021327991,0.039943104,0.036752272,0.036359611,0.038983364,0.0377809,0.029780035,0.017535537,0.022321844,0.023392893,0.024174625,0.025851939,1049.57307,1114.422062,1836.702576,3439.780299,3164.995396,3131.180657,3357.130394,3253.577802,2564.567262,1510.107815,1922.290215,2014.525754,2081.846169,318.041633
0.011707496,0.011255094,0.027242224,0.049831418,0.047097031,0.044452528,0.048213524,0.044732889,0.039123692,0.020835656,0.021141241,0.018065394,0.021113995,0.018300654,616.9850618,593.1434387,1435.665197,2626.115721,2482.013549,2342.648241,2540.852707,2357.423273,2061.818576,1098.039094,1114.143386,952.0462638,1112.707521,137.7777808
0.011600213,0.015977523,0.041683261,0.076569371,0.06883185,0.071625169,0.069439125,0.061739346,0.048443154,0.018758029,0.019870651,0.025678036,0.027561402,0.02872777,274.6118525,378.2359054,986.7678275,1812.626723,1629.456395,1695.582629,1643.83241,1461.555548,1146.794774,444.0588104,470.3979177,607.876153,652.4610662,97.15321417
0.014330336,0.038392287,0.095091526,0.166738953,0.145386218,0.131388105,0.133089699,0.142064894,0.09926428,0.02458547,0.03506653,0.034620874,0.030274753,0.033305579,760.8548823,2038.400078,5048.789474,8852.837963,7719.135858,6975.920062,7066.264494,7542.793505,5270.337675,1305.340937,1861.822329,1838.160684,1607.407721,252.6180588
0.015071771,0.015960442,0.029155897,0.05165812,0.043676546,0.043021245,0.045594748,0.040512839,0.035522349,0.020329903,0.024374472,0.025084381,0.023534538,0.021645022,769.624907,815.0040176,1488.816746,2637.870218,2230.29913,2196.836862,2328.25019,2068.747625,1813.913251,1038.126174,1244.658024,1280.908824,1201.767627,157.8973433
0.013349434,0.019890105,0.062212754,0.120605711,0.116998146,0.108202823,0.121876719,0.114512632,0.08927474,0.027172338,0.029879004,0.032293727,0.039103808,0.028806584,1768.199299,2634.543915,8240.390331,15974.82951,15496.98945,14332.00496,16143.18087,15167.77063,11824.88565,3599.111992,3957.623494,4277.465572,5179.494889,545.0822977
0.018444388,0.030326962,0.070312548,0.139038101,0.119957848,0.104972075,0.114310517,0.108464692,0.083886822,0.032867935,0.038736846,0.036525301,0.037941369,0.028977871,1417.690995,2331.021247,5404.433366,10686.88552,9220.320093,8068.468601,8786.249279,8336.921632,6447.792777,2526.328121,2977.430227,2807.444244,2916.287456,318.1894427
0.016908924,0.028959811,0.081391532,0.160362263,0.14719232,0.137404836,0.136725368,0.1379987,0.102231683,0.037419734,0.037597686,0.051346169,0.049672409,0.048107256,1059.935901,1815.345753,5102.028157,10052.30845,9226.750561,8613.222136,8570.629666,8650.448483,6408.393049,2345.655999,2356.810947,3218.634613,3113.714931,430.8004775
0.019099961,0.028814496,0.057368463,0.101517093,0.08701947,0.080953759,0.087324035,0.090625611,0.072015465,0.032420452,0.038185463,0.041943515,0.042891381,0.035840188,950.3758523,1433.751706,2854.539968,5051.287492,4329.914802,4028.097133,4345.069312,4509.349173,3583.345507,1613.176872,1900.032261,2087.025412,2134.189322,254.7622964
0.02086788,0.036085741,0.086526559,0.165127999,0.13499424,0.103692981,0.11410975,0.105529329,0.084033329,0.045407512,0.043645933,0.038997834,0.044968,0.044007491,581.692159,1005.890026,2411.927844,4602.942984,3762.964436,2890.441853,3180.809277,2941.630042,2342.42905,1265.734397,1216.630386,1087.064627,1253.482988,175.2441159
0.014128037,0.024803439,0.066145017,0.115882635,0.106631506,0.102339898,0.115372223,0.108720062,0.088100164,0.033859911,0.032789087,0.039209227,0.043052771,0.024707412,708.9448752,1244.636583,3319.156939,5814.990639,5350.768978,5135.416067,5789.378157,5455.572697,4420.866251,1699.090355,1645.356378,1967.519032,2160.388049,177.1168477
0.018191396,0.030886707,0.089306051,0.178298933,0.161860199,0.143465012,0.157155397,0.144307542,0.112883691,0.033369754,0.032030325,0.036537517,0.044137003,0.041108987,869.0939371,1475.612406,4266.596566,8518.231524,7732.871,6854.040935,7508.099112,6894.292805,5393.018317,1594.239997,1530.248763,1745.579895,2108.645305,280.5688363
0.023926615,0.035585714,0.097616991,0.190835279,0.175585007,0.173657334,0.198255636,0.18003557,0.147576945,0.03828937,0.045282895,0.034001284,0.032621018,0.033426184,644.295881,958.2521027,2628.63033,5138.812401,4728.153068,4676.244682,5338.62777,4847.997833,3973.951967,1031.056163,1219.377793,915.5865717,878.4187727,128.5857547
0.010511036,0.032916215,0.12515935,0.219629362,0.190451505,0.19939445,0.207815854,0.195725344,0.143711236,0.024333308,0.020367887,0.022530033,0.03370415,0.027522936,447.0238318,1399.89369,5322.902014,9340.61713,8099.712074,8480.04657,8838.200437,8324.003137,6111.895138,1034.871274,866.225848,958.1797552,1433.403814,167.2175636
0.012536506,0.036534442,0.110349204,0.222422455,0.195446878,0.186326164,0.186108999,0.176081841,0.131028626,0.031002855,0.028563013,0.034834916,0.041028731,0.03255814,830.6438335,2420.699039,7311.517559,14737.26705,12949.91925,12345.59899,12331.21005,11666.8306,8681.694683,2054.187195,1892.528134,2308.091845,2718.481659,308.1767486
0.009537468,0.017929668,0.049092668,0.099155455,0.073768392,0.062792223,0.072729161,0.0728137,0.054406776,0.014656762,0.018813052,0.017778247,0.015858089,0.008103373,407.230827,765.5609521,2096.158757,4233.739624,3149.762783,2681.102319,3105.389704,3108.999375,2323.06054,625.81443,803.2796882,759.0956087,677.1086902,49.42826005
0.014406041,0.033586351,0.095466862,0.184138493,0.176070258,0.162100208,0.1677841,0.161597194,0.1191447,0.040141809,0.052327593,0.04732877,0.053687252,0.028169014,658.0679398,1534.224533,4360.926276,8411.446341,8042.889366,7404.737482,7664.377675,7381.759809,5442.529903,1833.677822,2390.324461,2161.978194,2452.433671,183.8229371
0.02105847,0.020538584,0.04140561,0.077252149,0.064651543,0.063519581,0.071159675,0.074039033,0.051356487,0.020978007,0.027658848,0.025970929,0.028928191,0.021082221,927.8783114,904.9710756,1824.414,3403.884189,2848.676269,2798.799759,3135.437594,3262.307866,2262.869543,924.3329633,1218.704173,1144.331092,1274.633958,132.703546
0.014589714,0.020179039,0.036395532,0.068116624,0.06299028,0.057358482,0.062337112,0.063632973,0.050221246,0.024158362,0.023858944,0.024004497,0.025576902,0.020287405,997.9947671,1380.327013,2489.599971,4659.449558,4308.787123,3923.549593,4264.107829,4352.749885,3435.334121,1652.528565,1632.047205,1642.003603,1749.562395,198.2485217
0.016193602,0.025078838,0.061131647,0.11834098,0.111281857,0.106992607,0.114196962,0.107107808,0.084004588,0.029631624,0.029383295,0.02995528,0.039479109,0.037324285,1320.73402,2045.40496,4985.836033,9651.772011,9076.036963,8726.210011,9313.789989,8735.605678,6851.330169,2416.725633,2396.47218,2443.122647,3219.876686,434.8759086
0.015768521,0.020451628,0.052191372,0.109188334,0.097836257,0.090398291,0.101632076,0.099750245,0.077642472,0.029577904,0.033439181,0.037420498,0.040618654,0.033166742,1233.744874,1600.155849,4083.505137,8543.004418,7654.80655,7072.85272,7951.795258,7804.558941,6074.824674,2314.204798,2616.314938,2927.817195,3178.044096,370.7141515
0.014575314,0.021183718,0.035469373,0.067191186,0.063320851,0.057932237,0.066912281,0.065579027,0.050630712,0.02566364,0.027847717,0.027935771,0.030798063,0.030174696,872.609491,1268.248004,2123.515892,4022.66914,3790.956011,3468.345071,4005.971343,3926.150767,3031.210105,1536.456463,1667.214969,1672.486683,1843.849217,258.0755535
0.012528315,0.014443981,0.022511545,0.042857548,0.038152703,0.036405521,0.042564841,0.039344265,0.031713561,0.020141043,0.023122788,0.020127295,0.022098883,0.020267158,786.9034921,907.2264556,1413.950132,2691.88259,2396.371257,2286.630801,2673.497654,2471.213303,1991.928748,1265.058902,1452.342341,1264.195381,1388.030814,181.8543134
0.013146657,0.017149253,0.034828944,0.058297982,0.049876507,0.036706058,0.043219323,0.043642679,0.038854169,0.017890736,0.022563706,0.022096693,0.021177075,0.017751479,960.3895663,1252.78722,2544.324028,4258.784202,3643.57861,2681.45098,3157.257984,3188.185018,2838.374775,1306.954057,1648.323861,1614.207596,1547.027662,185.2544348
0.012430594,0.016987096,0.02919522,0.055716211,0.051525049,0.052845178,0.058946968,0.056129765,0.04525459,0.020391457,0.02296764,0.022582698,0.025671371,0.02831094,1164.286739,1591.062413,2734.511864,5218.547431,4825.990651,4949.63788,5521.149824,5257.282206,4238.68069,1909.92501,2151.218025,2115.163229,2404.457609,378.8125105
0.014436259,0.026353954,0.102935055,0.213170453,0.214064346,0.19637684,0.212081131,0.208683833,0.155095297,0.033395621,0.046283189,0.050235386,0.066541177,0.062951496,803.3633771,1466.571186,5728.232876,11862.72253,11912.46681,10928.17477,11802.10284,11613.04661,8630.898191,1858.432889,2575.613201,2795.549003,3702.949983,500.4554001
0.016074599,0.024471204,0.084182503,0.159453545,0.146725754,0.138256429,0.146918954,0.140869125,0.105480483,0.037286026,0.040690318,0.04782493,0.040205336,0.020460358,354.1555683,539.1495634,1854.708909,3513.080513,3232.661809,3046.065634,3236.918398,3103.628565,2323.945995,821.485728,896.4890767,1053.678848,885.8039659,64.39751535
0.011726808,0.011441142,0.018049543,0.027176082,0.030382615,0.030238671,0.038030086,0.035306254,0.028818138,0.016354067,0.019988328,0.020266653,0.020826446,0.021682567,507.2196079,494.8637026,780.6969019,1175.447087,1314.139265,1307.913231,1644.915297,1527.101392,1246.470923,707.3624414,864.5551324,876.5935299,900.8062627,133.9765815
0.013318962,0.015269335,0.022639221,0.033709395,0.028961954,0.024430902,0.027536131,0.032402512,0.028642436,0.020523516,0.018152875,0.019751019,0.024022601,0.027736132,368.2559685,422.1818474,625.9518333,932.0310545,800.7690622,675.4900133,761.34649,895.8970464,791.9347051,567.454686,501.9088369,546.0959362,664.200895,109.5537591
0.009188861,0.01060964,0.019266666,0.02396785,0.024683314,0.023729418,0.02447654,0.028871828,0.025170352,0.022104443,0.025015814,0.025915459,0.027049283,0.021607606,205.646706,237.4437368,431.1879755,536.4004894,552.4125641,531.0643652,547.784962,646.1515074,563.3124778,494.6974279,559.8539077,579.987982,605.3629471,69.08260318
0.012635366,0.017226523,0.020812748,0.032141243,0.024547296,0.021996068,0.028324673,0.021340754,0.020043121,0.01703492,0.014749309,0.020346913,0.026592496,0.016693164,329.9978426,449.9050937,543.5665321,839.4328472,641.1017371,574.4712968,739.7554922,557.3564685,523.46618,444.9010056,385.2076957,531.400338,694.516218,62.28219488
0.012391497,0.013520644,0.02088267,0.029516773,0.027764707,0.029369733,0.037246118,0.037936183,0.03069718,0.015029409,0.0138768,0.01562199,0.021883427,0.017432647,328.5853335,358.5269094,553.745768,782.696281,736.2367431,778.7972175,987.6553072,1005.953765,813.9971334,398.5348347,367.9711094,414.2482975,580.2828224,66.03735721
0.013695011,0.01477005,0.017413152,0.026882034,0.022138405,0.021025319,0.026752893,0.029554608,0.026851805,0.019523982,0.024685564,0.016349367,0.021527541,0.020446097,293.730599,316.7880324,373.4772749,576.5658744,474.8245104,450.9510358,573.7960491,633.8872324,575.9175075,418.7503567,529.4559675,350.6612265,461.7226902,62.64684121
0.007998956,0.011678112,0.01630784,0.028151276,0.025211171,0.025608986,0.028367378,0.029863864,0.025635242,0.019318915,0.019119481,0.020252117,0.019972878,0.024958403,425.0165053,620.5048182,866.5007478,1495.789922,1339.570375,1360.707847,1507.272255,1586.78655,1362.102941,1026.491237,1015.894481,1076.075992,1061.238922,189.4485407
0.00951113,0.010564085,0.022085634,0.03279952,0.028336233,0.026743545,0.031274785,0.028141463,0.028416852,0.018926339,0.01904637,0.025802227,0.027701072,0.016129032,265.3034562,294.674583,616.0566628,914.9098029,790.4108753,745.9844522,872.3788528,784.977957,792.6596816,527.9312961,531.2794527,719.727312,772.6937064,64.27188837
0.014136794,0.011538814,0.019069705,0.032535072,0.029822874,0.029552113,0.033393403,0.032310701,0.024670801,0.017772861,0.024219519,0.021854076,0.02419248,0.02135026,586.252865,478.5145988,790.8206782,1349.22943,1236.754585,1225.526114,1384.82444,1339.924788,1023.098129,737.0405279,1004.383453,906.2885317,1003.262128,126.4850403
0.012173482,0.014890749,0.015000422,0.027199487,0.025342713,0.025021947,0.028004399,0.030419295,0.029237051,0.020223069,0.021555759,0.02396974,0.025723654,0.028465999,688.0695496,841.6548988,847.8538765,1537.369388,1432.4208,1414.290513,1582.864665,1719.359368,1652.536597,1143.048322,1218.374594,1354.81766,1453.952388,229.8507422
0.011369983,0.014299629,0.025176172,0.043921326,0.040466657,0.037735041,0.044375878,0.042254783,0.033940505,0.020694464,0.02291184,0.022056428,0.024421743,0.017436792,1004.117334,1262.843161,2223.383303,3878.82405,3573.731854,3332.494638,3918.966939,3731.646626,2997.387831,1827.590187,2023.413351,1947.869326,2156.757377,219.9850588
0.014178211,0.018240774,0.024792139,0.040177613,0.037988711,0.037271869,0.045184545,0.039821118,0.036430272,0.021887632,0.026287578,0.024346092,0.026695028,0.018745494,393.2893949,505.9808419,687.7091437,1114.486799,1053.768843,1033.884374,1253.374102,1104.597988,1010.539327,607.1410201,729.1911341,675.336242,740.4933896,74.28303687
0.01080253,0.012625311,0.019406804,0.032422844,0.029864731,0.027436066,0.038156419,0.02896603,0.024676478,0.017372164,0.021739223,0.017023828,0.021488962,0.019083969,384.3108022,449.1580794,690.416454,1153.475098,1062.467685,976.0654891,1357.452757,1030.495478,877.8903712,618.0320963,773.3945924,605.6397151,764.4913274,96.99018302
0.010374286,0.01044853,0.021067425,0.040513156,0.040307142,0.040058811,0.042686944,0.04218753,0.036248653,0.021404691,0.021385852,0.024341154,0.025414843,0.019190655,782.6050238,788.2057576,1589.263329,3056.190917,3040.64985,3021.916558,3220.174984,3182.500679,2734.489615,1614.705686,1613.284485,1836.223667,1917.21949,206.8122059
0.007876313,0.008840526,0.016854944,0.032395041,0.031477721,0.031745016,0.036975561,0.032575235,0.026267537,0.018070395,0.020709346,0.023358352,0.023218071,0.017285206,318.4787046,357.466663,681.5296433,1309.8935,1272.801637,1283.609716,1495.106803,1317.179621,1062.127864,730.676416,837.3823997,944.4949689,938.8227009,99.8467578
0.018208436,0.022292532,0.026535226,0.044941461,0.044677027,0.035080024,0.040309366,0.040337963,0.03414145,0.018231455,0.020029,0.019459632,0.021921065,0.022058824,1278.578178,1565.359284,1863.277014,3155.74447,3137.176189,2463.284215,2830.483401,2832.491444,2397.378457,1280.194539,1406.416381,1366.435879,1539.275243,221.2783661
0.008302992,0.009038271,0.01978399,0.029313072,0.027591424,0.031777134,0.039886829,0.033164483,0.023522851,0.018805267,0.021045693,0.019710968,0.024836831,0.016442451,205.8726796,224.1039365,490.5440427,726.8176132,684.129351,787.914034,988.9939251,822.3133631,583.2490799,466.2765953,521.8279686,488.7334551,615.8292353,58.24151036
0.009711244,0.011724075,0.015958649,0.030945857,0.03292456,0.029559953,0.038591982,0.034808288,0.028270392,0.018326905,0.019236961,0.019078821,0.024431539,0.028126352,568.0883515,685.8349226,933.5490576,1810.270743,1926.020903,1729.198131,2257.553788,2036.215215,1653.761416,1072.087305,1125.323745,1116.072879,1429.196193,235.0479056
0.009486032,0.009201345,0.017938791,0.030958059,0.028627848,0.0251395,0.026838891,0.027549868,0.024247906,0.012847517,0.012816758,0.012121293,0.016043131,0.017515052,513.6307041,498.2160109,971.3137543,1676.255086,1550.08345,1361.203344,1453.218615,1491.715153,1312.927111,695.6416632,693.9761632,656.3195462,868.6713943,135.4814294
0.009417335,0.01207055,0.020078929,0.026030699,0.028850239,0.027159025,0.037361545,0.034577445,0.029822053,0.017736421,0.017284745,0.019258787,0.021958565,0.022082019,186.369054,238.876176,397.3619993,515.1475304,570.946227,537.4771048,739.3849784,684.2876394,590.1784345,351.0037688,342.0650979,381.1313947,434.5599929,62.42902229
0.009977796,0.012488844,0.02107854,0.038778651,0.03335127,0.031557907,0.034310253,0.03255757,0.026047319,0.013652764,0.016142562,0.018159626,0.020105022,0.013659915,985.0878294,1232.998576,2081.042069,3828.538656,3292.704213,3115.649014,3387.382686,3214.343813,2571.599668,1347.910112,1593.722861,1792.863598,1984.928654,192.6594412
0.012742165,0.011696091,0.017927372,0.037306403,0.033749808,0.031555853,0.036575677,0.039141081,0.029171169,0.017811788,0.019046204,0.020774924,0.021371373,0.016385542,1041.608278,956.0969471,1465.473036,3049.611937,2758.87809,2579.533239,2989.878751,3199.587666,2384.597222,1456.024645,1556.931923,1698.246197,1747.002874,191.3480187
0.010312345,0.015060665,0.018421315,0.028329205,0.024988301,0.027389951,0.033272739,0.036060853,0.028694738,0.016774157,0.021777585,0.02281707,0.02601689,0.027922078,331.8409406,484.6371344,592.7794816,911.6054969,804.0985517,881.3812286,1070.683464,1160.402202,923.3679741,539.7755889,700.7809215,734.2304955,837.1975033,128.3577926
0.009728146,0.012666212,0.021927973,0.04550066,0.03922795,0.039929769,0.047798355,0.046067673,0.037514003,0.017947643,0.019004197,0.017945057,0.02075215,0.018557423,674.1118474,877.7051605,1519.498909,3152.968264,2718.300795,2766.933363,3312.18699,3192.25942,2599.532858,1243.681941,1316.895841,1243.502705,1438.020254,183.7052324
0.010867411,0.011812954,0.017527558,0.031372034,0.027603469,0.026021823,0.037994362,0.030572317,0.031906028,0.025312181,0.02317839,0.027302454,0.024045996,0.013941698,230.4651911,250.5173094,371.7069286,665.306719,585.386761,551.8448064,805.746438,648.3471296,676.6311328,536.7954225,491.5441107,579.003145,509.9434372,42.23736993
0.009463385,0.012541125,0.017981559,0.027837761,0.025211058,0.020619643,0.029682744,0.024435034,0.020259386,0.016810573,0.01749387,0.018982474,0.019360392,0.01622368,513.4454243,680.4312858,975.6074806,1510.365545,1367.851163,1118.739374,1610.466935,1325.747181,1099.193224,912.0744487,949.1473952,1029.913086,1050.417421,125.747426
0.012143235,0.01431367,0.021816378,0.034453623,0.031563771,0.032325026,0.039395816,0.034943286,0.030146568,0.019145257,0.019813212,0.022739234,0.021615492,0.014450867,527.9392973,622.3011045,948.4888437,1497.905714,1372.266502,1405.362837,1712.772478,1519.194321,1310.65219,832.3591871,861.3992111,988.610925,939.7551364,89.75227053
0.009801918,0.01276938,0.023114761,0.050996813,0.047619465,0.040105415,0.041708632,0.03984022,0.03227089,0.014807862,0.014900056,0.015091851,0.017772147,0.012016021,368.3953022,479.9243779,868.7451774,1916.664209,1789.729989,1507.321917,1567.577225,1497.354828,1212.869114,556.5386854,560.0037047,567.2121387,667.9483675,64.51573332
0.036693617,0.043710779,0.068651789,0.107508244,0.076181133,0.03728513,0.042629629,0.039057889,0.034953251,0.016655806,0.02153381,0.024795385,0.028356095,0.026974952,1356.746473,1616.206064,2538.399904,3975.117332,2816.797377,1378.617698,1576.230538,1444.165451,1292.39645,615.8484321,796.2126353,916.8093551,1048.466623,142.48555
0.010466309,0.012548606,0.020901542,0.031920957,0.033002929,0.032911933,0.033846145,0.039902144,0.034925752,0.018712969,0.02406819,0.024775092,0.023521322,0.026666667,195.7095066,234.6463756,390.8379285,596.8899776,617.1217614,615.4202298,632.889068,746.130188,653.0766393,349.9138047,450.0510768,463.2694533,439.8251974,71.2342866
0.009054428,0.010088851,0.017210773,0.0267081,0.02798227,0.027283881,0.032264233,0.030595769,0.029298217,0.011516598,0.01577899,0.019826447,0.019362638,0.019783025,274.4940349,305.8536069,521.7618073,809.6827726,848.310506,827.1381277,978.122479,927.5413373,888.2047336,349.1371806,478.3558522,601.0585673,586.9977293,85.67745513
0.011171964,0.013183513,0.018865593,0.033025268,0.0316091,0.028950994,0.036043981,0.032305541,0.026040604,0.016902286,0.015984556,0.018162785,0.020865471,0.016704632,309.8320855,365.6183541,523.1994907,915.8897456,876.6151624,802.8979206,999.607737,895.9295725,722.1840707,468.7511016,443.2996915,503.7085204,578.6621033,66.18136561
0.011894951,0.015991814,0.023994291,0.031753049,0.028024183,0.027523919,0.026981847,0.027995446,0.029727486,0.018526303,0.02143611,0.021351516,0.025667695,0.016443988,289.8204707,389.6405586,584.6209107,773.6630319,682.8092084,670.6202934,657.4126952,682.1090522,724.3101859,451.393383,522.2908167,520.2296978,625.3933887,57.23682395
0.011275947,0.013017994,0.019712088,0.030075931,0.029958993,0.031564715,0.032861821,0.03160461,0.032540421,0.024077093,0.022068531,0.022766068,0.022058147,0.014913658,289.0363495,333.6902365,505.2799517,770.9363503,767.9388676,809.0983396,842.347065,810.1209645,834.1086188,617.1681322,565.6826624,583.562621,565.4164747,54.61168507
0.009237746,0.010368039,0.016386766,0.030930996,0.028242193,0.027609038,0.034896975,0.035561146,0.029125511,0.017331784,0.018079648,0.020070634,0.024698242,0.026076159,399.1814925,448.0237013,708.1049386,1336.590218,1220.401644,1193.041762,1507.968096,1536.668229,1258.571588,748.941044,781.2577679,867.2922241,1067.260433,160.9718547
0.010560729,0.014284326,0.019691713,0.039274019,0.036200673,0.036414583,0.04028408,0.040977097,0.035636605,0.024056223,0.022837849,0.027230435,0.0301052,0.02532833,239.728558,324.2541905,447.0018948,891.5202313,821.7552771,826.6110373,914.448616,930.1801051,808.9509432,546.0762718,518.4191691,618.130868,683.3880335,82.13615586
0.011593687,0.014617556,0.017819767,0.030424426,0.030128493,0.028325827,0.032226111,0.031444115,0.024523288,0.017141297,0.020160514,0.018834672,0.023050368,0.02292769,238.6908368,300.9462459,366.8733571,626.3780766,620.2854227,583.1721204,663.4711703,647.3714367,504.8854622,352.9050226,415.0646534,387.7682271,474.5609793,67.43361167
0.011080263,0.013321237,0.018936453,0.030872466,0.029252772,0.027517083,0.031592561,0.027598555,0.025159112,0.018523687,0.021620158,0.022769567,0.022975296,0.023795705,354.2470884,425.8932544,605.4173297,987.0236151,935.240369,879.7486697,1010.045781,882.3533882,804.3619835,592.2208062,691.2180714,727.9658129,734.5431793,108.6817835
0.008500088,0.011428993,0.016054954,0.029514287,0.030756834,0.027344051,0.031648403,0.032216581,0.022296896,0.015621247,0.019477099,0.016002302,0.021796897,0.020393299,205.9911291,276.9702164,389.0757622,715.2492208,745.3611048,662.6557354,766.9673879,780.7366274,540.3429673,378.5652963,472.0080276,387.7997832,528.2259984,70.60160114
0.010292738,0.011185693,0.020222613,0.037469109,0.029215876,0.028010995,0.028020343,0.029579156,0.023512033,0.013307416,0.013648713,0.016359852,0.017632899,0.017922607,517.014544,561.8685666,1015.802095,1882.110836,1467.54266,1407.020268,1407.489864,1485.790571,1181.032937,668.4448346,685.5885242,821.771733,885.7181281,128.6100675
0.012270333,0.01480525,0.020152381,0.033139815,0.030402496,0.022305173,0.024987756,0.031246678,0.029461231,0.013908615,0.019568748,0.019392519,0.018301245,0.014285714,315.0653441,380.1543969,517.4526943,850.9310298,780.6449008,572.7299345,641.6106181,802.3209583,756.4760321,357.1315147,502.4667351,497.9417214,469.9210642,52.40203977
0.011171778,0.014387702,0.020350822,0.034511504,0.032926628,0.026418888,0.030550916,0.028899996,0.024988041,0.017143943,0.018704373,0.02044668,0.019765686,0.020042949,676.696937,871.4918682,1232.689973,2090.430812,1994.43172,1600.244875,1850.530075,1750.530584,1513.575645,1038.442889,1132.961255,1238.496327,1197.24715,173.434501
0.009628805,0.009622876,0.016502359,0.027849661,0.027960332,0.032358683,0.034036769,0.033050669,0.028324742,0.017535214,0.02081434,0.021448881,0.020756832,0.021702838,626.5270837,626.1413049,1073.775495,1812.121751,1819.322901,2105.514795,2214.704513,2150.54094,1843.034303,1140.981332,1354.347466,1395.635817,1350.605554,201.7371804
0.011754545,0.012510366,0.018663746,0.029319147,0.026588706,0.026540757,0.028735962,0.030147071,0.026524158,0.018637546,0.021825068,0.020255282,0.020668118,0.019271383,974.8161595,1037.497175,1547.803131,2431.466156,2205.027989,2201.051507,2383.102065,2500.126781,2199.674912,1545.630363,1809.974714,1679.790768,1714.02767,228.3135805
0.011787939,0.014770385,0.019344242,0.027860262,0.025302045,0.020902847,0.029718383,0.025168554,0.022508342,0.01604921,0.018512498,0.022103674,0.023529087,0.014504432,288.9341763,362.0369102,474.1467122,682.8828924,620.178425,512.3496758,728.4272892,616.9064376,551.7019778,393.3821863,453.7598385,541.7831604,576.721441,50.78830468
0.014847241,0.011312172,0.019157422,0.032956289,0.029571586,0.023776448,0.029559697,0.024504441,0.024133723,0.017369168,0.019610133,0.021699162,0.023722762,0.011053316,433.8215473,330.5303495,559.7607218,962.9498125,864.0521839,694.7240466,863.7047908,715.9952658,705.1632649,507.5097281,572.9884678,634.0278061,693.1553912,46.13812003
0.013356197,0.011966349,0.020045144,0.034091267,0.030205994,0.031572436,0.033433322,0.030037314,0.027323905,0.016096582,0.021321009,0.020521535,0.023224352,0.015267176,309.4096597,277.2124343,464.3658158,789.7582946,699.7520537,731.4070491,774.5163474,695.8444227,632.9855932,372.893412,493.9225011,475.4018897,538.0153451,50.52562846
0.007868103,0.01053017,0.018428812,0.034733024,0.028584065,0.029314921,0.029757533,0.029440212,0.024006743,0.014361511,0.016522473,0.016241161,0.019777254,0.01835781,424.3425541,567.9131053,993.9026657,1873.221466,1541.595778,1581.012304,1604.883277,1587.769537,1294.731671,774.545019,891.0900138,875.9182796,1066.626863,141.4390584
0.013162002,0.019844512,0.023844963,0.048306402,0.033630224,0.025508062,0.033408374,0.034897419,0.021318182,0.012086213,0.016585889,0.018052869,0.01664328,0.015715467,266.7806272,402.2284079,483.3135522,979.1224535,681.651016,517.0229029,677.1543384,707.3357799,432.0982339,244.9754426,336.1793899,365.9136018,337.3426336,45.50525723
0.008603526,0.012088814,0.020427642,0.039860753,0.036454982,0.036331606,0.046476022,0.037836929,0.031754437,0.018133716,0.017047688,0.019477716,0.017323127,0.014761905,377.1871771,529.985682,895.5682467,1747.535279,1598.222885,1592.813939,2037.555262,1658.808792,1392.14626,795.0002369,747.3877021,853.9225597,759.4632296,92.45381102
0.01038094,0.012461237,0.017013859,0.032237706,0.029540735,0.028754656,0.030253803,0.034491595,0.029048736,0.020656302,0.020836811,0.023813935,0.021227217,0.013765978,275.5516789,330.7710711,451.6158695,855.7176756,784.129266,763.2635813,803.0569582,915.5448863,771.069637,548.3008917,553.092315,632.1170982,563.4552518,52.20058858
0.011327072,0.013389167,0.025891109,0.053178252,0.040966584,0.049433491,0.049794798,0.053471195,0.04179429,0.021325411,0.028641437,0.025937225,0.02873839,0.021317829,217.7969349,257.4468976,497.8342493,1022.511432,787.7054744,950.5071567,957.4543842,1028.144146,803.6205999,410.045,550.7175561,498.7209541,552.5817602,58.55703086
0.012729934,0.013954193,0.030645357,0.053093769,0.046991066,0.041590259,0.05047071,0.047650533,0.037823513,0.018928625,0.020515159,0.020270649,0.02243188,0.016992046,951.7789967,1043.313137,2291.261385,3969.661848,3513.381042,3109.578895,3773.543553,3562.687379,2827.950618,1415.236495,1533.856893,1515.575624,1677.164393,181.4920433
0.009839645,0.012450954,0.020163003,0.035394906,0.0363438,0.039015388,0.04555451,0.03782197,0.02768972,0.018865673,0.02046372,0.022198244,0.020485894,0.017346054,243.3541072,307.9370014,498.6713937,875.3868081,898.8548616,964.9285689,1126.654131,935.4129691,684.8221515,466.5858246,506.108716,549.0069635,506.6571304,61.28608679
0.01226513,0.010673242,0.023073282,0.040734489,0.038636555,0.037687435,0.04540547,0.038125185,0.035225358,0.018320328,0.020035127,0.022014873,0.025771485,0.021489255,591.6085318,514.8238417,1112.939771,1964.828056,1863.634251,1817.853434,2190.132839,1838.968298,1699.095143,883.6810418,966.3943715,1061.887413,1243.0876,148.0763164
0.010848747,0.012502896,0.020099911,0.038749366,0.033234748,0.028945794,0.029998899,0.032230352,0.026349451,0.017824062,0.020980627,0.022595459,0.023364152,0.018945212,425.3034342,490.1510487,787.9768165,1519.091406,1302.901837,1134.761945,1176.046832,1263.526489,1032.977511,698.7567194,822.5035371,885.8097736,915.9448621,106.1013066
0.010095681,0.009181777,0.018128544,0.029136371,0.02390599,0.025083811,0.025861794,0.029840924,0.023960825,0.017948342,0.018294616,0.023634354,0.021887948,0.016803585,292.5324651,266.0511662,525.2926827,844.2554944,692.6999538,726.82852,749.3713429,864.6706055,694.2888776,520.0711702,530.1048056,684.8290415,634.2251771,69.55723985
0.011012639,0.01228268,0.017725097,0.028562639,0.028866382,0.032467594,0.030735201,0.034492096,0.029049947,0.013787759,0.016437871,0.017900085,0.01871398,0.013587954,461.8260171,515.0864685,743.3196678,1197.802829,1210.540596,1361.561016,1288.911401,1446.46052,1218.238565,578.2034614,689.3385463,750.6579765,784.7894773,81.40349128
0.007746177,0.008852316,0.017987091,0.027272398,0.026584409,0.027119649,0.031157926,0.027992226,0.022914886,0.018047277,0.015925812,0.020922437,0.019408045,0.015128593,186.7680736,213.4381911,433.6867545,657.5647847,640.9766923,653.8818605,751.2487572,674.9205508,552.5008232,435.1379061,383.9872462,504.4608785,467.9473696,52.10935797
0.013672141,0.024246793,0.041660048,0.070342822,0.059317337,0.044949598,0.049175,0.046561654,0.035014349,0.020839758,0.020387549,0.020610121,0.019508967,0.015397776,296.7811678,526.3251357,904.3146588,1526.931637,1287.601444,975.7209145,1067.441722,1010.713814,760.0564675,452.3686176,442.5525323,447.3838996,423.4811498,47.74850338
0.006692435,0.009016386,0.014940897,0.029011948,0.026474066,0.0253239,0.031479247,0.031774991,0.02740625,0.022094405,0.018998211,0.023329233,0.019891649,0.01787649,162.4588596,218.8727736,362.6902677,704.2650446,642.6579556,614.7376656,764.1587244,771.3379135,665.2867292,536.3416779,461.1815824,566.3171311,482.8697864,61.99311354
0.013731959,0.013946469,0.019203593,0.030746362,0.023885003,0.0246949,0.032960023,0.029054972,0.023282379,0.02123181,0.021428069,0.025495427,0.025542934,0.030885781,438.1456067,444.9899909,612.729051,981.0241632,762.0988044,787.9401789,1051.65544,927.0570053,742.8708668,677.4433753,683.7054067,813.4825893,814.9984088,140.7818021
0.009758894,0.012494113,0.015428182,0.029943421,0.029089128,0.025959142,0.029015993,0.028568868,0.031141112,0.014739615,0.017176223,0.017315846,0.017064666,0.02004008,158.991901,203.5540937,251.3559481,487.8382103,473.920078,422.9263438,472.728558,465.4440021,507.350999,240.1378122,279.8350274,282.1097677,278.0175431,46.64185477
0.01101198,0.014778911,0.017912463,0.024385144,0.025912951,0.0304573,0.031178746,0.030691345,0.02834041,0.019364065,0.024605441,0.021602361,0.022303596,0.020265991,354.277416,475.4671385,576.2797504,784.5188436,833.6714504,979.8722556,1003.082616,987.4019467,911.7676751,622.980713,791.606257,694.9911443,717.5512905,93.14249464
0.010013605,0.011045401,0.020898889,0.038059434,0.036743369,0.035845314,0.035756936,0.0361881,0.030377178,0.018793521,0.016449575,0.017335507,0.020704515,0.016897081,323.9200853,357.2966177,676.0372521,1231.146566,1188.574496,1159.524213,1156.66537,1170.612663,982.6409539,607.9328312,532.1108429,560.7689712,669.7496605,78.08382517
0.008774444,0.008068226,0.014223551,0.027185426,0.031394971,0.02621414,0.027797406,0.031418177,0.023858905,0.019624643,0.020041988,0.025798068,0.026542527,0.018505826,179.9550691,165.4712529,291.7108104,557.5459018,643.8794573,537.6257973,570.0970026,644.3553862,489.3222885,402.4817974,411.041126,529.0925854,544.360695,54.21942649
0.007721063,0.009400374,0.02068269,0.029628851,0.031801957,0.035665359,0.029947942,0.029449168,0.025492847,0.018347483,0.015524116,0.019798775,0.020730448,0.021538462,150.9081791,183.7303015,404.2431733,579.0958928,621.5692496,697.0794417,585.3325348,575.5839858,498.2576918,358.6015552,303.4188388,386.967063,405.176609,60.13846283
0.008524014,0.009566302,0.015108383,0.02312218,0.023656186,0.024214504,0.029952411,0.025785607,0.02346954,0.020348605,0.022064428,0.023763118,0.024385545,0.021664766,189.2075292,212.343196,335.3607838,513.243039,525.0963606,537.4893516,664.8536606,572.3631091,520.9533699,451.6779915,489.7641178,527.4699398,541.2859424,68.69897299
0.011185253,0.015987828,0.019712457,0.031920345,0.028253733,0.029459985,0.038120358,0.036922182,0.029178591,0.019458591,0.019664255,0.019576299,0.018878808,0.016640254,191.3237501,273.4718053,337.1815819,545.9975012,483.2801054,503.9130459,652.048726,631.5539304,499.0997942,332.8391942,336.3570842,334.8525968,322.9220108,40.66164924
0.012058103,0.014192498,0.018930537,0.030645669,0.02489262,0.026286938,0.025631097,0.02994756,0.020636739,0.016559306,0.016696508,0.018141848,0.021791486,0.02489019,306.914892,361.2416589,481.8389474,780.0242058,633.5918532,669.0814293,652.3883192,762.2552338,525.2669105,421.4840229,424.9762218,461.7644681,554.6587041,90.50428658
0.011688744,0.01596005,0.018704379,0.026971003,0.026096812,0.020483062,0.026317381,0.026239292,0.021988367,0.019652158,0.019770153,0.019873039,0.020658275,0.023338048,296.2745942,404.5393873,474.0998836,683.6340167,661.4759046,519.1841653,667.0666598,665.0873343,557.3391347,498.1232452,501.1140681,503.7219123,523.6253037,84.50707181
0.012965549,0.011812984,0.023396302,0.036813393,0.029291756,0.027431709,0.030998898,0.029376692,0.024049957,0.018530761,0.019931404,0.024989048,0.022130455,0.013690476,271.4078462,247.2811881,489.7547838,770.6147646,613.1643343,574.2279585,648.8999229,614.9423026,503.4377499,387.904411,417.224071,523.0957508,463.2568085,40.94039059
0.010298227,0.009720756,0.015769723,0.028364636,0.026288824,0.024013155,0.026017298,0.022608225,0.019696447,0.019261177,0.020139656,0.022353353,0.022066075,0.019402985,277.8667648,262.2854384,425.4986698,765.3346008,709.3250569,647.9229559,701.9987423,610.0151347,531.4495407,519.7050778,543.4081982,603.1381745,595.3868472,74.79019161
0.009624781,0.009718864,0.016672937,0.027062733,0.027205042,0.024755224,0.030036873,0.026321469,0.022398284,0.017342139,0.018730314,0.021096664,0.023134582,0.021966881,407.185991,411.1662785,705.3652909,1144.915988,1150.936495,1047.294494,1270.739961,1113.556068,947.5817848,733.6765386,792.4046701,892.5154732,978.731614,132.7615525
